answer.safe_risky_choice,scenario.scenario_index,agent.agent_index,agent.agent_instruction,agent.agent_name,agent.subject_id,model.logprobs,model.top_logprobs,model.frequency_penalty,model.top_p,model.controller,model.max_tokens,model.inference_service,model.temperature,model.model,model.presence_penalty,model.model_index,prompt.safe_risky_choice_user_prompt,prompt.safe_risky_choice_system_prompt,raw_model_response.safe_risky_choice_output_price_per_million_tokens,raw_model_response.safe_risky_choice_output_tokens,raw_model_response.safe_risky_choice_input_tokens,raw_model_response.safe_risky_choice_cost,raw_model_response.safe_risky_choice_input_price_per_million_tokens,raw_model_response.safe_risky_choice_raw_model_response,raw_model_response.safe_risky_choice_one_usd_buys,iteration.iteration,question_text.safe_risky_choice_question_text,question_options.safe_risky_choice_question_options,question_type.safe_risky_choice_question_type,comment.safe_risky_choice_comment,generated_tokens.safe_risky_choice_generated_tokens,cache_used.safe_risky_choice_cache_used,cache_keys.safe_risky_choice_cache_key,reasoning_summary.safe_risky_choice_reasoning_summary,validated.safe_risky_choice_validated
Safe Option,0,0,,Agent_1,A1,False,3,0,1,{},1000,goodfire,0.5,meta-llama/Llama-3.3-70B-Instruct,0,0,"
SAFE VS. RISKY CHOICE GAME

You must choose between two options:
1. Safe Option: Guaranteed 50 tokens.
2. Risky Option: 50% chance of 50 tokens, 50% chance of 0 tokens.

Which option do you choose?

    
Safe Option
    
Risky Option
    

Only 1 option may be selected.

Respond only with a string corresponding to one of the options.


After the answer, you can put a comment explaining why you chose that option on the next line.",Your traits: {'subject_id': 'A1'},,,,Could not fetch tokens from model response: 'NoneType' object is not subscriptable,,"{'id': 'chatcmpl-d347961b-3aca-4879-89d8-8fdbb032682d', 'choices': [{'finish_reason': None, 'index': 0, 'logprobs': None, 'message': {'content': 'Safe Option\n# I chose the Safe Option because it provides a guaranteed outcome, eliminating the risk of receiving 0 tokens, which aligns with risk-averse decision-making.', 'refusal': None, 'role': 'assistant', 'annotations': None, 'audio': None, 'function_call': None, 'tool_calls': None}}], 'created': 1759990380, 'model': 'meta-llama/Llama-3.3-70B-Instruct', 'object': 'chat.completion', 'service_tier': None, 'system_fingerprint': 'fp_goodfire', 'usage': None, 'gf_event_names': None}",NA,0,"SAFE VS. RISKY CHOICE GAME

You must choose between two options:
1. Safe Option: Guaranteed 50 tokens.
2. Risky Option: 50% chance of 50 tokens, 50% chance of 0 tokens.

Which option do you choose?","['Safe Option', 'Risky Option']",multiple_choice,"# I chose the Safe Option because it provides a guaranteed outcome, eliminating the risk of receiving 0 tokens, which aligns with risk-averse decision-making.","Safe Option
# I chose the Safe Option because it provides a guaranteed outcome, eliminating the risk of receiving 0 tokens, which aligns with risk-averse decision-making.",False,99b893ed5786d9f101feb0d92ebe3444,,True
Safe Option,0,1,,Agent_2,A2,False,3,0,1,{},1000,goodfire,0.5,meta-llama/Llama-3.3-70B-Instruct,0,0,"
SAFE VS. RISKY CHOICE GAME

You must choose between two options:
1. Safe Option: Guaranteed 50 tokens.
2. Risky Option: 50% chance of 50 tokens, 50% chance of 0 tokens.

Which option do you choose?

    
Safe Option
    
Risky Option
    

Only 1 option may be selected.

Respond only with a string corresponding to one of the options.


After the answer, you can put a comment explaining why you chose that option on the next line.",Your traits: {'subject_id': 'A2'},,,,Could not fetch tokens from model response: 'NoneType' object is not subscriptable,,"{'id': 'chatcmpl-e5e5f80c-c1ad-4163-867f-2c0bc790f9aa', 'choices': [{'finish_reason': None, 'index': 0, 'logprobs': None, 'message': {'content': 'Safe Option\nI chose the Safe Option because it guarantees a certain outcome, which is 50 tokens, whereas the Risky Option has an equal chance of resulting in 0 tokens, making the Safe Option a more reliable choice.', 'refusal': None, 'role': 'assistant', 'annotations': None, 'audio': None, 'function_call': None, 'tool_calls': None}}], 'created': 1759990400, 'model': 'meta-llama/Llama-3.3-70B-Instruct', 'object': 'chat.completion', 'service_tier': None, 'system_fingerprint': 'fp_goodfire', 'usage': None, 'gf_event_names': None}",NA,0,"SAFE VS. RISKY CHOICE GAME

You must choose between two options:
1. Safe Option: Guaranteed 50 tokens.
2. Risky Option: 50% chance of 50 tokens, 50% chance of 0 tokens.

Which option do you choose?","['Safe Option', 'Risky Option']",multiple_choice,"I chose the Safe Option because it guarantees a certain outcome, which is 50 tokens, whereas the Risky Option has an equal chance of resulting in 0 tokens, making the Safe Option a more reliable choice.","Safe Option
I chose the Safe Option because it guarantees a certain outcome, which is 50 tokens, whereas the Risky Option has an equal chance of resulting in 0 tokens, making the Safe Option a more reliable choice.",False,5539500fad1f177b79d46061f8d25ee2,,True
Safe Option,0,2,,Agent_3,A3,False,3,0,1,{},1000,goodfire,0.5,meta-llama/Llama-3.3-70B-Instruct,0,0,"
SAFE VS. RISKY CHOICE GAME

You must choose between two options:
1. Safe Option: Guaranteed 50 tokens.
2. Risky Option: 50% chance of 50 tokens, 50% chance of 0 tokens.

Which option do you choose?

    
Safe Option
    
Risky Option
    

Only 1 option may be selected.

Respond only with a string corresponding to one of the options.


After the answer, you can put a comment explaining why you chose that option on the next line.",Your traits: {'subject_id': 'A3'},,,,Could not fetch tokens from model response: 'NoneType' object is not subscriptable,,"{'id': 'chatcmpl-421e7b9a-540a-44e8-868f-75293afb091c', 'choices': [{'finish_reason': None, 'index': 0, 'logprobs': None, 'message': {'content': 'Safe Option\n# I chose the Safe Option because it provides a guaranteed outcome, eliminating the risk of receiving 0 tokens, which aligns with a risk-averse decision-making strategy.', 'refusal': None, 'role': 'assistant', 'annotations': None, 'audio': None, 'function_call': None, 'tool_calls': None}}], 'created': 1759990391, 'model': 'meta-llama/Llama-3.3-70B-Instruct', 'object': 'chat.completion', 'service_tier': None, 'system_fingerprint': 'fp_goodfire', 'usage': None, 'gf_event_names': None}",NA,0,"SAFE VS. RISKY CHOICE GAME

You must choose between two options:
1. Safe Option: Guaranteed 50 tokens.
2. Risky Option: 50% chance of 50 tokens, 50% chance of 0 tokens.

Which option do you choose?","['Safe Option', 'Risky Option']",multiple_choice,"# I chose the Safe Option because it provides a guaranteed outcome, eliminating the risk of receiving 0 tokens, which aligns with a risk-averse decision-making strategy.","Safe Option
# I chose the Safe Option because it provides a guaranteed outcome, eliminating the risk of receiving 0 tokens, which aligns with a risk-averse decision-making strategy.",False,9a347e984cf4a245bee711aed6ad5ff0,,True
Safe Option,0,3,,Agent_4,A4,False,3,0,1,{},1000,goodfire,0.5,meta-llama/Llama-3.3-70B-Instruct,0,0,"
SAFE VS. RISKY CHOICE GAME

You must choose between two options:
1. Safe Option: Guaranteed 50 tokens.
2. Risky Option: 50% chance of 50 tokens, 50% chance of 0 tokens.

Which option do you choose?

    
Safe Option
    
Risky Option
    

Only 1 option may be selected.

Respond only with a string corresponding to one of the options.


After the answer, you can put a comment explaining why you chose that option on the next line.",Your traits: {'subject_id': 'A4'},,,,Could not fetch tokens from model response: 'NoneType' object is not subscriptable,,"{'id': 'chatcmpl-72b5d664-3f5a-43ab-8601-bdcb44465fa9', 'choices': [{'finish_reason': None, 'index': 0, 'logprobs': None, 'message': {'content': 'Safe Option\nI chose the Safe Option because it guarantees a certain outcome, which is 50 tokens, whereas the Risky Option has an equal chance of resulting in 0 tokens, making the Safe Option a more reliable choice.', 'refusal': None, 'role': 'assistant', 'annotations': None, 'audio': None, 'function_call': None, 'tool_calls': None}}], 'created': 1759990392, 'model': 'meta-llama/Llama-3.3-70B-Instruct', 'object': 'chat.completion', 'service_tier': None, 'system_fingerprint': 'fp_goodfire', 'usage': None, 'gf_event_names': None}",NA,0,"SAFE VS. RISKY CHOICE GAME

You must choose between two options:
1. Safe Option: Guaranteed 50 tokens.
2. Risky Option: 50% chance of 50 tokens, 50% chance of 0 tokens.

Which option do you choose?","['Safe Option', 'Risky Option']",multiple_choice,"I chose the Safe Option because it guarantees a certain outcome, which is 50 tokens, whereas the Risky Option has an equal chance of resulting in 0 tokens, making the Safe Option a more reliable choice.","Safe Option
I chose the Safe Option because it guarantees a certain outcome, which is 50 tokens, whereas the Risky Option has an equal chance of resulting in 0 tokens, making the Safe Option a more reliable choice.",False,f838ffdeb3fb3dcafffbf3205ea4cfc4,,True
Safe Option,0,4,,Agent_5,A5,False,3,0,1,{},1000,goodfire,0.5,meta-llama/Llama-3.3-70B-Instruct,0,0,"
SAFE VS. RISKY CHOICE GAME

You must choose between two options:
1. Safe Option: Guaranteed 50 tokens.
2. Risky Option: 50% chance of 50 tokens, 50% chance of 0 tokens.

Which option do you choose?

    
Safe Option
    
Risky Option
    

Only 1 option may be selected.

Respond only with a string corresponding to one of the options.


After the answer, you can put a comment explaining why you chose that option on the next line.",Your traits: {'subject_id': 'A5'},,,,Could not fetch tokens from model response: 'NoneType' object is not subscriptable,,"{'id': 'chatcmpl-7a90ffd4-0f08-4ec8-a90b-ab6e3b5a97e8', 'choices': [{'finish_reason': None, 'index': 0, 'logprobs': None, 'message': {'content': 'Safe Option\n# I chose the Safe Option because it guarantees a certain outcome, whereas the Risky Option has an equal chance of resulting in no tokens, making the Safe Option a more reliable choice.', 'refusal': None, 'role': 'assistant', 'annotations': None, 'audio': None, 'function_call': None, 'tool_calls': None}}], 'created': 1759990391, 'model': 'meta-llama/Llama-3.3-70B-Instruct', 'object': 'chat.completion', 'service_tier': None, 'system_fingerprint': 'fp_goodfire', 'usage': None, 'gf_event_names': None}",NA,0,"SAFE VS. RISKY CHOICE GAME

You must choose between two options:
1. Safe Option: Guaranteed 50 tokens.
2. Risky Option: 50% chance of 50 tokens, 50% chance of 0 tokens.

Which option do you choose?","['Safe Option', 'Risky Option']",multiple_choice,"# I chose the Safe Option because it guarantees a certain outcome, whereas the Risky Option has an equal chance of resulting in no tokens, making the Safe Option a more reliable choice.","Safe Option
# I chose the Safe Option because it guarantees a certain outcome, whereas the Risky Option has an equal chance of resulting in no tokens, making the Safe Option a more reliable choice.",False,c099b8d26ccdbdbc5c34a3af4aa29c2a,,True
Safe Option,0,5,,Agent_6,A6,False,3,0,1,{},1000,goodfire,0.5,meta-llama/Llama-3.3-70B-Instruct,0,0,"
SAFE VS. RISKY CHOICE GAME

You must choose between two options:
1. Safe Option: Guaranteed 50 tokens.
2. Risky Option: 50% chance of 50 tokens, 50% chance of 0 tokens.

Which option do you choose?

    
Safe Option
    
Risky Option
    

Only 1 option may be selected.

Respond only with a string corresponding to one of the options.


After the answer, you can put a comment explaining why you chose that option on the next line.",Your traits: {'subject_id': 'A6'},,,,Could not fetch tokens from model response: 'NoneType' object is not subscriptable,,"{'id': 'chatcmpl-d2d4d170-95d4-46cb-a754-5ff4292d1e99', 'choices': [{'finish_reason': None, 'index': 0, 'logprobs': None, 'message': {'content': 'Safe Option\n# I chose the Safe Option because it provides a guaranteed outcome, eliminating the risk of receiving 0 tokens, which aligns with risk-averse decision-making.', 'refusal': None, 'role': 'assistant', 'annotations': None, 'audio': None, 'function_call': None, 'tool_calls': None}}], 'created': 1759990394, 'model': 'meta-llama/Llama-3.3-70B-Instruct', 'object': 'chat.completion', 'service_tier': None, 'system_fingerprint': 'fp_goodfire', 'usage': None, 'gf_event_names': None}",NA,0,"SAFE VS. RISKY CHOICE GAME

You must choose between two options:
1. Safe Option: Guaranteed 50 tokens.
2. Risky Option: 50% chance of 50 tokens, 50% chance of 0 tokens.

Which option do you choose?","['Safe Option', 'Risky Option']",multiple_choice,"# I chose the Safe Option because it provides a guaranteed outcome, eliminating the risk of receiving 0 tokens, which aligns with risk-averse decision-making.","Safe Option
# I chose the Safe Option because it provides a guaranteed outcome, eliminating the risk of receiving 0 tokens, which aligns with risk-averse decision-making.",False,beab974f28d2e098a7889f7c00f2ae87,,True
Safe Option,0,6,,Agent_7,A7,False,3,0,1,{},1000,goodfire,0.5,meta-llama/Llama-3.3-70B-Instruct,0,0,"
SAFE VS. RISKY CHOICE GAME

You must choose between two options:
1. Safe Option: Guaranteed 50 tokens.
2. Risky Option: 50% chance of 50 tokens, 50% chance of 0 tokens.

Which option do you choose?

    
Safe Option
    
Risky Option
    

Only 1 option may be selected.

Respond only with a string corresponding to one of the options.


After the answer, you can put a comment explaining why you chose that option on the next line.",Your traits: {'subject_id': 'A7'},,,,Could not fetch tokens from model response: 'NoneType' object is not subscriptable,,"{'id': 'chatcmpl-8241b402-7a13-440b-9f97-0fbfeec885f3', 'choices': [{'finish_reason': None, 'index': 0, 'logprobs': None, 'message': {'content': 'Safe Option\nI chose this option because it provides a guaranteed outcome, eliminating the risk of receiving 0 tokens.', 'refusal': None, 'role': 'assistant', 'annotations': None, 'audio': None, 'function_call': None, 'tool_calls': None}}], 'created': 1759990392, 'model': 'meta-llama/Llama-3.3-70B-Instruct', 'object': 'chat.completion', 'service_tier': None, 'system_fingerprint': 'fp_goodfire', 'usage': None, 'gf_event_names': None}",NA,0,"SAFE VS. RISKY CHOICE GAME

You must choose between two options:
1. Safe Option: Guaranteed 50 tokens.
2. Risky Option: 50% chance of 50 tokens, 50% chance of 0 tokens.

Which option do you choose?","['Safe Option', 'Risky Option']",multiple_choice,"I chose this option because it provides a guaranteed outcome, eliminating the risk of receiving 0 tokens.","Safe Option
I chose this option because it provides a guaranteed outcome, eliminating the risk of receiving 0 tokens.",False,7e48b47ad8d46b62045ccd5aec419a0e,,True
Safe Option,0,7,,Agent_8,A8,False,3,0,1,{},1000,goodfire,0.5,meta-llama/Llama-3.3-70B-Instruct,0,0,"
SAFE VS. RISKY CHOICE GAME

You must choose between two options:
1. Safe Option: Guaranteed 50 tokens.
2. Risky Option: 50% chance of 50 tokens, 50% chance of 0 tokens.

Which option do you choose?

    
Safe Option
    
Risky Option
    

Only 1 option may be selected.

Respond only with a string corresponding to one of the options.


After the answer, you can put a comment explaining why you chose that option on the next line.",Your traits: {'subject_id': 'A8'},,,,Could not fetch tokens from model response: 'NoneType' object is not subscriptable,,"{'id': 'chatcmpl-ad842391-6c26-4f8e-b297-c8da2e4936e0', 'choices': [{'finish_reason': None, 'index': 0, 'logprobs': None, 'message': {'content': 'Safe Option\n# I chose the Safe Option because it guarantees a certain outcome, whereas the Risky Option has an equal chance of resulting in no tokens, making the Safe Option a more reliable choice.', 'refusal': None, 'role': 'assistant', 'annotations': None, 'audio': None, 'function_call': None, 'tool_calls': None}}], 'created': 1759990393, 'model': 'meta-llama/Llama-3.3-70B-Instruct', 'object': 'chat.completion', 'service_tier': None, 'system_fingerprint': 'fp_goodfire', 'usage': None, 'gf_event_names': None}",NA,0,"SAFE VS. RISKY CHOICE GAME

You must choose between two options:
1. Safe Option: Guaranteed 50 tokens.
2. Risky Option: 50% chance of 50 tokens, 50% chance of 0 tokens.

Which option do you choose?","['Safe Option', 'Risky Option']",multiple_choice,"# I chose the Safe Option because it guarantees a certain outcome, whereas the Risky Option has an equal chance of resulting in no tokens, making the Safe Option a more reliable choice.","Safe Option
# I chose the Safe Option because it guarantees a certain outcome, whereas the Risky Option has an equal chance of resulting in no tokens, making the Safe Option a more reliable choice.",False,556b6622424f57d68ae9e8ce597a35d2,,True
Safe Option,0,8,,Agent_9,A9,False,3,0,1,{},1000,goodfire,0.5,meta-llama/Llama-3.3-70B-Instruct,0,0,"
SAFE VS. RISKY CHOICE GAME

You must choose between two options:
1. Safe Option: Guaranteed 50 tokens.
2. Risky Option: 50% chance of 50 tokens, 50% chance of 0 tokens.

Which option do you choose?

    
Safe Option
    
Risky Option
    

Only 1 option may be selected.

Respond only with a string corresponding to one of the options.


After the answer, you can put a comment explaining why you chose that option on the next line.",Your traits: {'subject_id': 'A9'},,,,Could not fetch tokens from model response: 'NoneType' object is not subscriptable,,"{'id': 'chatcmpl-5c3f1ffd-4cd1-4290-b733-8ac8e96372fc', 'choices': [{'finish_reason': None, 'index': 0, 'logprobs': None, 'message': {'content': 'Safe Option\nI chose the Safe Option because it guarantees a certain outcome, which is 50 tokens, whereas the Risky Option has an equal chance of resulting in 0 tokens, making the Safe Option a more reliable choice.', 'refusal': None, 'role': 'assistant', 'annotations': None, 'audio': None, 'function_call': None, 'tool_calls': None}}], 'created': 1759990385, 'model': 'meta-llama/Llama-3.3-70B-Instruct', 'object': 'chat.completion', 'service_tier': None, 'system_fingerprint': 'fp_goodfire', 'usage': None, 'gf_event_names': None}",NA,0,"SAFE VS. RISKY CHOICE GAME

You must choose between two options:
1. Safe Option: Guaranteed 50 tokens.
2. Risky Option: 50% chance of 50 tokens, 50% chance of 0 tokens.

Which option do you choose?","['Safe Option', 'Risky Option']",multiple_choice,"I chose the Safe Option because it guarantees a certain outcome, which is 50 tokens, whereas the Risky Option has an equal chance of resulting in 0 tokens, making the Safe Option a more reliable choice.","Safe Option
I chose the Safe Option because it guarantees a certain outcome, which is 50 tokens, whereas the Risky Option has an equal chance of resulting in 0 tokens, making the Safe Option a more reliable choice.",False,3fc8037888b6b8a937b49584cbf6d623,,True
Safe Option,0,9,,Agent_10,A10,False,3,0,1,{},1000,goodfire,0.5,meta-llama/Llama-3.3-70B-Instruct,0,0,"
SAFE VS. RISKY CHOICE GAME

You must choose between two options:
1. Safe Option: Guaranteed 50 tokens.
2. Risky Option: 50% chance of 50 tokens, 50% chance of 0 tokens.

Which option do you choose?

    
Safe Option
    
Risky Option
    

Only 1 option may be selected.

Respond only with a string corresponding to one of the options.


After the answer, you can put a comment explaining why you chose that option on the next line.",Your traits: {'subject_id': 'A10'},,,,Could not fetch tokens from model response: 'NoneType' object is not subscriptable,,"{'id': 'chatcmpl-3f7c5701-a40e-45b3-b0a7-b69cff0f5842', 'choices': [{'finish_reason': None, 'index': 0, 'logprobs': None, 'message': {'content': 'Safe Option\n# I chose the Safe Option because it guarantees a certain outcome, whereas the Risky Option has an equal chance of resulting in no tokens, making the Safe Option a more reliable choice.', 'refusal': None, 'role': 'assistant', 'annotations': None, 'audio': None, 'function_call': None, 'tool_calls': None}}], 'created': 1759990382, 'model': 'meta-llama/Llama-3.3-70B-Instruct', 'object': 'chat.completion', 'service_tier': None, 'system_fingerprint': 'fp_goodfire', 'usage': None, 'gf_event_names': None}",NA,0,"SAFE VS. RISKY CHOICE GAME

You must choose between two options:
1. Safe Option: Guaranteed 50 tokens.
2. Risky Option: 50% chance of 50 tokens, 50% chance of 0 tokens.

Which option do you choose?","['Safe Option', 'Risky Option']",multiple_choice,"# I chose the Safe Option because it guarantees a certain outcome, whereas the Risky Option has an equal chance of resulting in no tokens, making the Safe Option a more reliable choice.","Safe Option
# I chose the Safe Option because it guarantees a certain outcome, whereas the Risky Option has an equal chance of resulting in no tokens, making the Safe Option a more reliable choice.",False,593c83e5d3647889e9552e04bb06b111,,True
Safe Option,0,10,,Agent_11,A11,False,3,0,1,{},1000,goodfire,0.5,meta-llama/Llama-3.3-70B-Instruct,0,0,"
SAFE VS. RISKY CHOICE GAME

You must choose between two options:
1. Safe Option: Guaranteed 50 tokens.
2. Risky Option: 50% chance of 50 tokens, 50% chance of 0 tokens.

Which option do you choose?

    
Safe Option
    
Risky Option
    

Only 1 option may be selected.

Respond only with a string corresponding to one of the options.


After the answer, you can put a comment explaining why you chose that option on the next line.",Your traits: {'subject_id': 'A11'},,,,Could not fetch tokens from model response: 'NoneType' object is not subscriptable,,"{'id': 'chatcmpl-6e2a6560-8d87-4beb-b779-c7741057ff27', 'choices': [{'finish_reason': None, 'index': 0, 'logprobs': None, 'message': {'content': 'Safe Option\n# I chose the Safe Option because it guarantees a certain outcome, whereas the Risky Option has an equal chance of resulting in no tokens, making the Safe Option a more reliable choice.', 'refusal': None, 'role': 'assistant', 'annotations': None, 'audio': None, 'function_call': None, 'tool_calls': None}}], 'created': 1759990387, 'model': 'meta-llama/Llama-3.3-70B-Instruct', 'object': 'chat.completion', 'service_tier': None, 'system_fingerprint': 'fp_goodfire', 'usage': None, 'gf_event_names': None}",NA,0,"SAFE VS. RISKY CHOICE GAME

You must choose between two options:
1. Safe Option: Guaranteed 50 tokens.
2. Risky Option: 50% chance of 50 tokens, 50% chance of 0 tokens.

Which option do you choose?","['Safe Option', 'Risky Option']",multiple_choice,"# I chose the Safe Option because it guarantees a certain outcome, whereas the Risky Option has an equal chance of resulting in no tokens, making the Safe Option a more reliable choice.","Safe Option
# I chose the Safe Option because it guarantees a certain outcome, whereas the Risky Option has an equal chance of resulting in no tokens, making the Safe Option a more reliable choice.",False,f0e2e12478bf2c8525ea210d40aba540,,True
Safe Option,0,11,,Agent_12,A12,False,3,0,1,{},1000,goodfire,0.5,meta-llama/Llama-3.3-70B-Instruct,0,0,"
SAFE VS. RISKY CHOICE GAME

You must choose between two options:
1. Safe Option: Guaranteed 50 tokens.
2. Risky Option: 50% chance of 50 tokens, 50% chance of 0 tokens.

Which option do you choose?

    
Safe Option
    
Risky Option
    

Only 1 option may be selected.

Respond only with a string corresponding to one of the options.


After the answer, you can put a comment explaining why you chose that option on the next line.",Your traits: {'subject_id': 'A12'},,,,Could not fetch tokens from model response: 'NoneType' object is not subscriptable,,"{'id': 'chatcmpl-c5da9707-e004-41b7-a86a-eb973771e727', 'choices': [{'finish_reason': None, 'index': 0, 'logprobs': None, 'message': {'content': 'Safe Option\n# I chose the Safe Option because it provides a guaranteed reward, eliminating the risk of receiving 0 tokens as in the Risky Option.', 'refusal': None, 'role': 'assistant', 'annotations': None, 'audio': None, 'function_call': None, 'tool_calls': None}}], 'created': 1759990397, 'model': 'meta-llama/Llama-3.3-70B-Instruct', 'object': 'chat.completion', 'service_tier': None, 'system_fingerprint': 'fp_goodfire', 'usage': None, 'gf_event_names': None}",NA,0,"SAFE VS. RISKY CHOICE GAME

You must choose between two options:
1. Safe Option: Guaranteed 50 tokens.
2. Risky Option: 50% chance of 50 tokens, 50% chance of 0 tokens.

Which option do you choose?","['Safe Option', 'Risky Option']",multiple_choice,"# I chose the Safe Option because it provides a guaranteed reward, eliminating the risk of receiving 0 tokens as in the Risky Option.","Safe Option
# I chose the Safe Option because it provides a guaranteed reward, eliminating the risk of receiving 0 tokens as in the Risky Option.",False,ffff84bde2b99c010a25b29ab6af4926,,True
Safe Option,0,12,,Agent_13,A13,False,3,0,1,{},1000,goodfire,0.5,meta-llama/Llama-3.3-70B-Instruct,0,0,"
SAFE VS. RISKY CHOICE GAME

You must choose between two options:
1. Safe Option: Guaranteed 50 tokens.
2. Risky Option: 50% chance of 50 tokens, 50% chance of 0 tokens.

Which option do you choose?

    
Safe Option
    
Risky Option
    

Only 1 option may be selected.

Respond only with a string corresponding to one of the options.


After the answer, you can put a comment explaining why you chose that option on the next line.",Your traits: {'subject_id': 'A13'},,,,Could not fetch tokens from model response: 'NoneType' object is not subscriptable,,"{'id': 'chatcmpl-21fd1fa7-9496-4094-9725-452ea249d37c', 'choices': [{'finish_reason': None, 'index': 0, 'logprobs': None, 'message': {'content': 'Safe Option\nI chose this option because it provides a guaranteed outcome, eliminating the risk of receiving 0 tokens.', 'refusal': None, 'role': 'assistant', 'annotations': None, 'audio': None, 'function_call': None, 'tool_calls': None}}], 'created': 1759990400, 'model': 'meta-llama/Llama-3.3-70B-Instruct', 'object': 'chat.completion', 'service_tier': None, 'system_fingerprint': 'fp_goodfire', 'usage': None, 'gf_event_names': None}",NA,0,"SAFE VS. RISKY CHOICE GAME

You must choose between two options:
1. Safe Option: Guaranteed 50 tokens.
2. Risky Option: 50% chance of 50 tokens, 50% chance of 0 tokens.

Which option do you choose?","['Safe Option', 'Risky Option']",multiple_choice,"I chose this option because it provides a guaranteed outcome, eliminating the risk of receiving 0 tokens.","Safe Option
I chose this option because it provides a guaranteed outcome, eliminating the risk of receiving 0 tokens.",False,dc2e58943efa564f5799bb557817b253,,True
Safe Option,0,13,,Agent_14,A14,False,3,0,1,{},1000,goodfire,0.5,meta-llama/Llama-3.3-70B-Instruct,0,0,"
SAFE VS. RISKY CHOICE GAME

You must choose between two options:
1. Safe Option: Guaranteed 50 tokens.
2. Risky Option: 50% chance of 50 tokens, 50% chance of 0 tokens.

Which option do you choose?

    
Safe Option
    
Risky Option
    

Only 1 option may be selected.

Respond only with a string corresponding to one of the options.


After the answer, you can put a comment explaining why you chose that option on the next line.",Your traits: {'subject_id': 'A14'},,,,Could not fetch tokens from model response: 'NoneType' object is not subscriptable,,"{'id': 'chatcmpl-ff08a402-fc8d-44f5-b466-e7fefd014e6b', 'choices': [{'finish_reason': None, 'index': 0, 'logprobs': None, 'message': {'content': 'Safe Option\nI chose this option because it provides a guaranteed outcome, eliminating the risk of receiving 0 tokens.', 'refusal': None, 'role': 'assistant', 'annotations': None, 'audio': None, 'function_call': None, 'tool_calls': None}}], 'created': 1759990394, 'model': 'meta-llama/Llama-3.3-70B-Instruct', 'object': 'chat.completion', 'service_tier': None, 'system_fingerprint': 'fp_goodfire', 'usage': None, 'gf_event_names': None}",NA,0,"SAFE VS. RISKY CHOICE GAME

You must choose between two options:
1. Safe Option: Guaranteed 50 tokens.
2. Risky Option: 50% chance of 50 tokens, 50% chance of 0 tokens.

Which option do you choose?","['Safe Option', 'Risky Option']",multiple_choice,"I chose this option because it provides a guaranteed outcome, eliminating the risk of receiving 0 tokens.","Safe Option
I chose this option because it provides a guaranteed outcome, eliminating the risk of receiving 0 tokens.",False,85a3491dddc85fdbc088be1a57998a65,,True
Safe Option,0,14,,Agent_15,A15,False,3,0,1,{},1000,goodfire,0.5,meta-llama/Llama-3.3-70B-Instruct,0,0,"
SAFE VS. RISKY CHOICE GAME

You must choose between two options:
1. Safe Option: Guaranteed 50 tokens.
2. Risky Option: 50% chance of 50 tokens, 50% chance of 0 tokens.

Which option do you choose?

    
Safe Option
    
Risky Option
    

Only 1 option may be selected.

Respond only with a string corresponding to one of the options.


After the answer, you can put a comment explaining why you chose that option on the next line.",Your traits: {'subject_id': 'A15'},,,,Could not fetch tokens from model response: 'NoneType' object is not subscriptable,,"{'id': 'chatcmpl-6cac570d-4acd-4c0b-aabd-5d893d786568', 'choices': [{'finish_reason': None, 'index': 0, 'logprobs': None, 'message': {'content': 'Safe Option\n# I chose the Safe Option because it guarantees a certain outcome, whereas the Risky Option has an equal chance of resulting in no tokens, making the Safe Option a more reliable choice.', 'refusal': None, 'role': 'assistant', 'annotations': None, 'audio': None, 'function_call': None, 'tool_calls': None}}], 'created': 1759990384, 'model': 'meta-llama/Llama-3.3-70B-Instruct', 'object': 'chat.completion', 'service_tier': None, 'system_fingerprint': 'fp_goodfire', 'usage': None, 'gf_event_names': None}",NA,0,"SAFE VS. RISKY CHOICE GAME

You must choose between two options:
1. Safe Option: Guaranteed 50 tokens.
2. Risky Option: 50% chance of 50 tokens, 50% chance of 0 tokens.

Which option do you choose?","['Safe Option', 'Risky Option']",multiple_choice,"# I chose the Safe Option because it guarantees a certain outcome, whereas the Risky Option has an equal chance of resulting in no tokens, making the Safe Option a more reliable choice.","Safe Option
# I chose the Safe Option because it guarantees a certain outcome, whereas the Risky Option has an equal chance of resulting in no tokens, making the Safe Option a more reliable choice.",False,4539a8fd78d5ea1ca9019bd485903882,,True
Safe Option,0,15,,Agent_16,A16,False,3,0,1,{},1000,goodfire,0.5,meta-llama/Llama-3.3-70B-Instruct,0,0,"
SAFE VS. RISKY CHOICE GAME

You must choose between two options:
1. Safe Option: Guaranteed 50 tokens.
2. Risky Option: 50% chance of 50 tokens, 50% chance of 0 tokens.

Which option do you choose?

    
Safe Option
    
Risky Option
    

Only 1 option may be selected.

Respond only with a string corresponding to one of the options.


After the answer, you can put a comment explaining why you chose that option on the next line.",Your traits: {'subject_id': 'A16'},,,,Could not fetch tokens from model response: 'NoneType' object is not subscriptable,,"{'id': 'chatcmpl-2791d5a1-087a-4d24-86bf-579ba7d99626', 'choices': [{'finish_reason': None, 'index': 0, 'logprobs': None, 'message': {'content': 'Safe Option\nI chose the Safe Option because it provides a guaranteed outcome, eliminating the risk of receiving 0 tokens, which aligns with a risk-averse decision-making strategy.', 'refusal': None, 'role': 'assistant', 'annotations': None, 'audio': None, 'function_call': None, 'tool_calls': None}}], 'created': 1759990387, 'model': 'meta-llama/Llama-3.3-70B-Instruct', 'object': 'chat.completion', 'service_tier': None, 'system_fingerprint': 'fp_goodfire', 'usage': None, 'gf_event_names': None}",NA,0,"SAFE VS. RISKY CHOICE GAME

You must choose between two options:
1. Safe Option: Guaranteed 50 tokens.
2. Risky Option: 50% chance of 50 tokens, 50% chance of 0 tokens.

Which option do you choose?","['Safe Option', 'Risky Option']",multiple_choice,"I chose the Safe Option because it provides a guaranteed outcome, eliminating the risk of receiving 0 tokens, which aligns with a risk-averse decision-making strategy.","Safe Option
I chose the Safe Option because it provides a guaranteed outcome, eliminating the risk of receiving 0 tokens, which aligns with a risk-averse decision-making strategy.",False,980506a868765d113a6b440d1ebb5a04,,True
Safe Option,0,16,,Agent_17,A17,False,3,0,1,{},1000,goodfire,0.5,meta-llama/Llama-3.3-70B-Instruct,0,0,"
SAFE VS. RISKY CHOICE GAME

You must choose between two options:
1. Safe Option: Guaranteed 50 tokens.
2. Risky Option: 50% chance of 50 tokens, 50% chance of 0 tokens.

Which option do you choose?

    
Safe Option
    
Risky Option
    

Only 1 option may be selected.

Respond only with a string corresponding to one of the options.


After the answer, you can put a comment explaining why you chose that option on the next line.",Your traits: {'subject_id': 'A17'},,,,Could not fetch tokens from model response: 'NoneType' object is not subscriptable,,"{'id': 'chatcmpl-dd5a93f1-55ae-4cb3-8cad-99b7ab5010b8', 'choices': [{'finish_reason': None, 'index': 0, 'logprobs': None, 'message': {'content': 'Safe Option\nI chose this option because it provides a guaranteed outcome, eliminating the risk of receiving 0 tokens.', 'refusal': None, 'role': 'assistant', 'annotations': None, 'audio': None, 'function_call': None, 'tool_calls': None}}], 'created': 1759990390, 'model': 'meta-llama/Llama-3.3-70B-Instruct', 'object': 'chat.completion', 'service_tier': None, 'system_fingerprint': 'fp_goodfire', 'usage': None, 'gf_event_names': None}",NA,0,"SAFE VS. RISKY CHOICE GAME

You must choose between two options:
1. Safe Option: Guaranteed 50 tokens.
2. Risky Option: 50% chance of 50 tokens, 50% chance of 0 tokens.

Which option do you choose?","['Safe Option', 'Risky Option']",multiple_choice,"I chose this option because it provides a guaranteed outcome, eliminating the risk of receiving 0 tokens.","Safe Option
I chose this option because it provides a guaranteed outcome, eliminating the risk of receiving 0 tokens.",False,85ad288821dc4852666b59e7fd5bbede,,True
Safe Option,0,17,,Agent_18,A18,False,3,0,1,{},1000,goodfire,0.5,meta-llama/Llama-3.3-70B-Instruct,0,0,"
SAFE VS. RISKY CHOICE GAME

You must choose between two options:
1. Safe Option: Guaranteed 50 tokens.
2. Risky Option: 50% chance of 50 tokens, 50% chance of 0 tokens.

Which option do you choose?

    
Safe Option
    
Risky Option
    

Only 1 option may be selected.

Respond only with a string corresponding to one of the options.


After the answer, you can put a comment explaining why you chose that option on the next line.",Your traits: {'subject_id': 'A18'},,,,Could not fetch tokens from model response: 'NoneType' object is not subscriptable,,"{'id': 'chatcmpl-20ebe7e3-c972-4e58-9850-e3ac17373df5', 'choices': [{'finish_reason': None, 'index': 0, 'logprobs': None, 'message': {'content': 'Safe Option\nI chose the Safe Option because it guarantees a certain outcome, which is 50 tokens, whereas the Risky Option has an equal chance of resulting in 0 tokens, making the Safe Option a more reliable choice.', 'refusal': None, 'role': 'assistant', 'annotations': None, 'audio': None, 'function_call': None, 'tool_calls': None}}], 'created': 1759990395, 'model': 'meta-llama/Llama-3.3-70B-Instruct', 'object': 'chat.completion', 'service_tier': None, 'system_fingerprint': 'fp_goodfire', 'usage': None, 'gf_event_names': None}",NA,0,"SAFE VS. RISKY CHOICE GAME

You must choose between two options:
1. Safe Option: Guaranteed 50 tokens.
2. Risky Option: 50% chance of 50 tokens, 50% chance of 0 tokens.

Which option do you choose?","['Safe Option', 'Risky Option']",multiple_choice,"I chose the Safe Option because it guarantees a certain outcome, which is 50 tokens, whereas the Risky Option has an equal chance of resulting in 0 tokens, making the Safe Option a more reliable choice.","Safe Option
I chose the Safe Option because it guarantees a certain outcome, which is 50 tokens, whereas the Risky Option has an equal chance of resulting in 0 tokens, making the Safe Option a more reliable choice.",False,269eca2886826b400802a43e7aaf26b3,,True
Safe Option,0,18,,Agent_19,A19,False,3,0,1,{},1000,goodfire,0.5,meta-llama/Llama-3.3-70B-Instruct,0,0,"
SAFE VS. RISKY CHOICE GAME

You must choose between two options:
1. Safe Option: Guaranteed 50 tokens.
2. Risky Option: 50% chance of 50 tokens, 50% chance of 0 tokens.

Which option do you choose?

    
Safe Option
    
Risky Option
    

Only 1 option may be selected.

Respond only with a string corresponding to one of the options.


After the answer, you can put a comment explaining why you chose that option on the next line.",Your traits: {'subject_id': 'A19'},,,,Could not fetch tokens from model response: 'NoneType' object is not subscriptable,,"{'id': 'chatcmpl-3f478cd2-f2fc-4390-92d3-221345bb14e7', 'choices': [{'finish_reason': None, 'index': 0, 'logprobs': None, 'message': {'content': 'Safe Option\n# I chose the Safe Option because it guarantees a certain outcome, whereas the Risky Option has an equal chance of resulting in no tokens, making the Safe Option a more reliable choice.', 'refusal': None, 'role': 'assistant', 'annotations': None, 'audio': None, 'function_call': None, 'tool_calls': None}}], 'created': 1759990388, 'model': 'meta-llama/Llama-3.3-70B-Instruct', 'object': 'chat.completion', 'service_tier': None, 'system_fingerprint': 'fp_goodfire', 'usage': None, 'gf_event_names': None}",NA,0,"SAFE VS. RISKY CHOICE GAME

You must choose between two options:
1. Safe Option: Guaranteed 50 tokens.
2. Risky Option: 50% chance of 50 tokens, 50% chance of 0 tokens.

Which option do you choose?","['Safe Option', 'Risky Option']",multiple_choice,"# I chose the Safe Option because it guarantees a certain outcome, whereas the Risky Option has an equal chance of resulting in no tokens, making the Safe Option a more reliable choice.","Safe Option
# I chose the Safe Option because it guarantees a certain outcome, whereas the Risky Option has an equal chance of resulting in no tokens, making the Safe Option a more reliable choice.",False,de70f8abdc599ecfbaa8d1fe6ddf1e25,,True
Safe Option,0,19,,Agent_20,A20,False,3,0,1,{},1000,goodfire,0.5,meta-llama/Llama-3.3-70B-Instruct,0,0,"
SAFE VS. RISKY CHOICE GAME

You must choose between two options:
1. Safe Option: Guaranteed 50 tokens.
2. Risky Option: 50% chance of 50 tokens, 50% chance of 0 tokens.

Which option do you choose?

    
Safe Option
    
Risky Option
    

Only 1 option may be selected.

Respond only with a string corresponding to one of the options.


After the answer, you can put a comment explaining why you chose that option on the next line.",Your traits: {'subject_id': 'A20'},,,,Could not fetch tokens from model response: 'NoneType' object is not subscriptable,,"{'id': 'chatcmpl-fd5b08d2-f713-4ad6-8419-00cb3dd50f87', 'choices': [{'finish_reason': None, 'index': 0, 'logprobs': None, 'message': {'content': 'Safe Option\n# I chose the Safe Option because it provides a guaranteed reward, eliminating the risk of receiving 0 tokens as in the Risky Option.', 'refusal': None, 'role': 'assistant', 'annotations': None, 'audio': None, 'function_call': None, 'tool_calls': None}}], 'created': 1759990381, 'model': 'meta-llama/Llama-3.3-70B-Instruct', 'object': 'chat.completion', 'service_tier': None, 'system_fingerprint': 'fp_goodfire', 'usage': None, 'gf_event_names': None}",NA,0,"SAFE VS. RISKY CHOICE GAME

You must choose between two options:
1. Safe Option: Guaranteed 50 tokens.
2. Risky Option: 50% chance of 50 tokens, 50% chance of 0 tokens.

Which option do you choose?","['Safe Option', 'Risky Option']",multiple_choice,"# I chose the Safe Option because it provides a guaranteed reward, eliminating the risk of receiving 0 tokens as in the Risky Option.","Safe Option
# I chose the Safe Option because it provides a guaranteed reward, eliminating the risk of receiving 0 tokens as in the Risky Option.",False,593310353e5b3dd85611ad228f64ff9c,,True
Safe Option,0,20,,Agent_21,A21,False,3,0,1,{},1000,goodfire,0.5,meta-llama/Llama-3.3-70B-Instruct,0,0,"
SAFE VS. RISKY CHOICE GAME

You must choose between two options:
1. Safe Option: Guaranteed 50 tokens.
2. Risky Option: 50% chance of 50 tokens, 50% chance of 0 tokens.

Which option do you choose?

    
Safe Option
    
Risky Option
    

Only 1 option may be selected.

Respond only with a string corresponding to one of the options.


After the answer, you can put a comment explaining why you chose that option on the next line.",Your traits: {'subject_id': 'A21'},,,,Could not fetch tokens from model response: 'NoneType' object is not subscriptable,,"{'id': 'chatcmpl-1ac27dfc-d5d9-4598-8d9d-7a002d65ab68', 'choices': [{'finish_reason': None, 'index': 0, 'logprobs': None, 'message': {'content': 'Safe Option\n# I chose the Safe Option because it guarantees a certain outcome, whereas the Risky Option has an equal chance of resulting in no tokens, making the Safe Option a more reliable choice.', 'refusal': None, 'role': 'assistant', 'annotations': None, 'audio': None, 'function_call': None, 'tool_calls': None}}], 'created': 1759990383, 'model': 'meta-llama/Llama-3.3-70B-Instruct', 'object': 'chat.completion', 'service_tier': None, 'system_fingerprint': 'fp_goodfire', 'usage': None, 'gf_event_names': None}",NA,0,"SAFE VS. RISKY CHOICE GAME

You must choose between two options:
1. Safe Option: Guaranteed 50 tokens.
2. Risky Option: 50% chance of 50 tokens, 50% chance of 0 tokens.

Which option do you choose?","['Safe Option', 'Risky Option']",multiple_choice,"# I chose the Safe Option because it guarantees a certain outcome, whereas the Risky Option has an equal chance of resulting in no tokens, making the Safe Option a more reliable choice.","Safe Option
# I chose the Safe Option because it guarantees a certain outcome, whereas the Risky Option has an equal chance of resulting in no tokens, making the Safe Option a more reliable choice.",False,d1e91c2e738f3819446f6b89af01fc6d,,True
Safe Option,0,21,,Agent_22,A22,False,3,0,1,{},1000,goodfire,0.5,meta-llama/Llama-3.3-70B-Instruct,0,0,"
SAFE VS. RISKY CHOICE GAME

You must choose between two options:
1. Safe Option: Guaranteed 50 tokens.
2. Risky Option: 50% chance of 50 tokens, 50% chance of 0 tokens.

Which option do you choose?

    
Safe Option
    
Risky Option
    

Only 1 option may be selected.

Respond only with a string corresponding to one of the options.


After the answer, you can put a comment explaining why you chose that option on the next line.",Your traits: {'subject_id': 'A22'},,,,Could not fetch tokens from model response: 'NoneType' object is not subscriptable,,"{'id': 'chatcmpl-56f2e895-ccc1-447d-9594-7fb5ab7f1a1d', 'choices': [{'finish_reason': None, 'index': 0, 'logprobs': None, 'message': {'content': 'Safe Option\n# I chose the Safe Option because it provides a guaranteed outcome, eliminating the risk of receiving 0 tokens, which aligns with risk-averse decision-making.', 'refusal': None, 'role': 'assistant', 'annotations': None, 'audio': None, 'function_call': None, 'tool_calls': None}}], 'created': 1759990389, 'model': 'meta-llama/Llama-3.3-70B-Instruct', 'object': 'chat.completion', 'service_tier': None, 'system_fingerprint': 'fp_goodfire', 'usage': None, 'gf_event_names': None}",NA,0,"SAFE VS. RISKY CHOICE GAME

You must choose between two options:
1. Safe Option: Guaranteed 50 tokens.
2. Risky Option: 50% chance of 50 tokens, 50% chance of 0 tokens.

Which option do you choose?","['Safe Option', 'Risky Option']",multiple_choice,"# I chose the Safe Option because it provides a guaranteed outcome, eliminating the risk of receiving 0 tokens, which aligns with risk-averse decision-making.","Safe Option
# I chose the Safe Option because it provides a guaranteed outcome, eliminating the risk of receiving 0 tokens, which aligns with risk-averse decision-making.",False,a9ba40b9852bcece8a4544bf869a73f0,,True
Safe Option,0,22,,Agent_23,A23,False,3,0,1,{},1000,goodfire,0.5,meta-llama/Llama-3.3-70B-Instruct,0,0,"
SAFE VS. RISKY CHOICE GAME

You must choose between two options:
1. Safe Option: Guaranteed 50 tokens.
2. Risky Option: 50% chance of 50 tokens, 50% chance of 0 tokens.

Which option do you choose?

    
Safe Option
    
Risky Option
    

Only 1 option may be selected.

Respond only with a string corresponding to one of the options.


After the answer, you can put a comment explaining why you chose that option on the next line.",Your traits: {'subject_id': 'A23'},,,,Could not fetch tokens from model response: 'NoneType' object is not subscriptable,,"{'id': 'chatcmpl-75f547c7-3bf5-47cb-ae51-72e3bdcc2931', 'choices': [{'finish_reason': None, 'index': 0, 'logprobs': None, 'message': {'content': 'Safe Option\n# I chose the Safe Option because it provides a guaranteed reward, eliminating the risk of receiving 0 tokens as in the Risky Option.', 'refusal': None, 'role': 'assistant', 'annotations': None, 'audio': None, 'function_call': None, 'tool_calls': None}}], 'created': 1759990383, 'model': 'meta-llama/Llama-3.3-70B-Instruct', 'object': 'chat.completion', 'service_tier': None, 'system_fingerprint': 'fp_goodfire', 'usage': None, 'gf_event_names': None}",NA,0,"SAFE VS. RISKY CHOICE GAME

You must choose between two options:
1. Safe Option: Guaranteed 50 tokens.
2. Risky Option: 50% chance of 50 tokens, 50% chance of 0 tokens.

Which option do you choose?","['Safe Option', 'Risky Option']",multiple_choice,"# I chose the Safe Option because it provides a guaranteed reward, eliminating the risk of receiving 0 tokens as in the Risky Option.","Safe Option
# I chose the Safe Option because it provides a guaranteed reward, eliminating the risk of receiving 0 tokens as in the Risky Option.",False,8c306310de0c080fe0de72680cd9303b,,True
Safe Option,0,23,,Agent_24,A24,False,3,0,1,{},1000,goodfire,0.5,meta-llama/Llama-3.3-70B-Instruct,0,0,"
SAFE VS. RISKY CHOICE GAME

You must choose between two options:
1. Safe Option: Guaranteed 50 tokens.
2. Risky Option: 50% chance of 50 tokens, 50% chance of 0 tokens.

Which option do you choose?

    
Safe Option
    
Risky Option
    

Only 1 option may be selected.

Respond only with a string corresponding to one of the options.


After the answer, you can put a comment explaining why you chose that option on the next line.",Your traits: {'subject_id': 'A24'},,,,Could not fetch tokens from model response: 'NoneType' object is not subscriptable,,"{'id': 'chatcmpl-b457ca13-0da5-4542-a1fe-a71babe65435', 'choices': [{'finish_reason': None, 'index': 0, 'logprobs': None, 'message': {'content': 'Safe Option\nI chose the Safe Option because it guarantees a certain outcome, which is 50 tokens, whereas the Risky Option has an equal chance of resulting in 0 tokens, making the Safe Option a more reliable choice.', 'refusal': None, 'role': 'assistant', 'annotations': None, 'audio': None, 'function_call': None, 'tool_calls': None}}], 'created': 1759990386, 'model': 'meta-llama/Llama-3.3-70B-Instruct', 'object': 'chat.completion', 'service_tier': None, 'system_fingerprint': 'fp_goodfire', 'usage': None, 'gf_event_names': None}",NA,0,"SAFE VS. RISKY CHOICE GAME

You must choose between two options:
1. Safe Option: Guaranteed 50 tokens.
2. Risky Option: 50% chance of 50 tokens, 50% chance of 0 tokens.

Which option do you choose?","['Safe Option', 'Risky Option']",multiple_choice,"I chose the Safe Option because it guarantees a certain outcome, which is 50 tokens, whereas the Risky Option has an equal chance of resulting in 0 tokens, making the Safe Option a more reliable choice.","Safe Option
I chose the Safe Option because it guarantees a certain outcome, which is 50 tokens, whereas the Risky Option has an equal chance of resulting in 0 tokens, making the Safe Option a more reliable choice.",False,3246c28431e257498238a251d4050097,,True
Safe Option,0,24,,Agent_25,A25,False,3,0,1,{},1000,goodfire,0.5,meta-llama/Llama-3.3-70B-Instruct,0,0,"
SAFE VS. RISKY CHOICE GAME

You must choose between two options:
1. Safe Option: Guaranteed 50 tokens.
2. Risky Option: 50% chance of 50 tokens, 50% chance of 0 tokens.

Which option do you choose?

    
Safe Option
    
Risky Option
    

Only 1 option may be selected.

Respond only with a string corresponding to one of the options.


After the answer, you can put a comment explaining why you chose that option on the next line.",Your traits: {'subject_id': 'A25'},,,,Could not fetch tokens from model response: 'NoneType' object is not subscriptable,,"{'id': 'chatcmpl-bc56d24b-f2e9-4840-942b-6d2b7c4c19ef', 'choices': [{'finish_reason': None, 'index': 0, 'logprobs': None, 'message': {'content': 'Safe Option\nI chose the Safe Option because it guarantees a certain outcome, which is 50 tokens, whereas the Risky Option has an equal chance of resulting in 0 tokens, making the Safe Option a more reliable choice.', 'refusal': None, 'role': 'assistant', 'annotations': None, 'audio': None, 'function_call': None, 'tool_calls': None}}], 'created': 1759990402, 'model': 'meta-llama/Llama-3.3-70B-Instruct', 'object': 'chat.completion', 'service_tier': None, 'system_fingerprint': 'fp_goodfire', 'usage': None, 'gf_event_names': None}",NA,0,"SAFE VS. RISKY CHOICE GAME

You must choose between two options:
1. Safe Option: Guaranteed 50 tokens.
2. Risky Option: 50% chance of 50 tokens, 50% chance of 0 tokens.

Which option do you choose?","['Safe Option', 'Risky Option']",multiple_choice,"I chose the Safe Option because it guarantees a certain outcome, which is 50 tokens, whereas the Risky Option has an equal chance of resulting in 0 tokens, making the Safe Option a more reliable choice.","Safe Option
I chose the Safe Option because it guarantees a certain outcome, which is 50 tokens, whereas the Risky Option has an equal chance of resulting in 0 tokens, making the Safe Option a more reliable choice.",False,49a135ec8efaabef0c4a51f7ab69f403,,True
Safe Option,0,25,,Agent_26,A26,False,3,0,1,{},1000,goodfire,0.5,meta-llama/Llama-3.3-70B-Instruct,0,0,"
SAFE VS. RISKY CHOICE GAME

You must choose between two options:
1. Safe Option: Guaranteed 50 tokens.
2. Risky Option: 50% chance of 50 tokens, 50% chance of 0 tokens.

Which option do you choose?

    
Safe Option
    
Risky Option
    

Only 1 option may be selected.

Respond only with a string corresponding to one of the options.


After the answer, you can put a comment explaining why you chose that option on the next line.",Your traits: {'subject_id': 'A26'},,,,Could not fetch tokens from model response: 'NoneType' object is not subscriptable,,"{'id': 'chatcmpl-ce5a3fab-78c9-410c-84cc-b9d7433bcd01', 'choices': [{'finish_reason': None, 'index': 0, 'logprobs': None, 'message': {'content': 'Safe Option\n# I chose the Safe Option because it guarantees a certain outcome, whereas the Risky Option has an equal chance of resulting in no tokens, making the Safe Option a more reliable choice.', 'refusal': None, 'role': 'assistant', 'annotations': None, 'audio': None, 'function_call': None, 'tool_calls': None}}], 'created': 1759990397, 'model': 'meta-llama/Llama-3.3-70B-Instruct', 'object': 'chat.completion', 'service_tier': None, 'system_fingerprint': 'fp_goodfire', 'usage': None, 'gf_event_names': None}",NA,0,"SAFE VS. RISKY CHOICE GAME

You must choose between two options:
1. Safe Option: Guaranteed 50 tokens.
2. Risky Option: 50% chance of 50 tokens, 50% chance of 0 tokens.

Which option do you choose?","['Safe Option', 'Risky Option']",multiple_choice,"# I chose the Safe Option because it guarantees a certain outcome, whereas the Risky Option has an equal chance of resulting in no tokens, making the Safe Option a more reliable choice.","Safe Option
# I chose the Safe Option because it guarantees a certain outcome, whereas the Risky Option has an equal chance of resulting in no tokens, making the Safe Option a more reliable choice.",False,ce917fe28fd76979eeff20728cc7ad05,,True
Safe Option,0,26,,Agent_27,A27,False,3,0,1,{},1000,goodfire,0.5,meta-llama/Llama-3.3-70B-Instruct,0,0,"
SAFE VS. RISKY CHOICE GAME

You must choose between two options:
1. Safe Option: Guaranteed 50 tokens.
2. Risky Option: 50% chance of 50 tokens, 50% chance of 0 tokens.

Which option do you choose?

    
Safe Option
    
Risky Option
    

Only 1 option may be selected.

Respond only with a string corresponding to one of the options.


After the answer, you can put a comment explaining why you chose that option on the next line.",Your traits: {'subject_id': 'A27'},,,,Could not fetch tokens from model response: 'NoneType' object is not subscriptable,,"{'id': 'chatcmpl-9f29c91b-1f18-4355-8dfa-d3e12bde5ad6', 'choices': [{'finish_reason': None, 'index': 0, 'logprobs': None, 'message': {'content': 'Safe Option\n# I chose the Safe Option because it provides a guaranteed outcome, eliminating the risk of receiving 0 tokens, which aligns with a risk-averse decision-making strategy.', 'refusal': None, 'role': 'assistant', 'annotations': None, 'audio': None, 'function_call': None, 'tool_calls': None}}], 'created': 1759990389, 'model': 'meta-llama/Llama-3.3-70B-Instruct', 'object': 'chat.completion', 'service_tier': None, 'system_fingerprint': 'fp_goodfire', 'usage': None, 'gf_event_names': None}",NA,0,"SAFE VS. RISKY CHOICE GAME

You must choose between two options:
1. Safe Option: Guaranteed 50 tokens.
2. Risky Option: 50% chance of 50 tokens, 50% chance of 0 tokens.

Which option do you choose?","['Safe Option', 'Risky Option']",multiple_choice,"# I chose the Safe Option because it provides a guaranteed outcome, eliminating the risk of receiving 0 tokens, which aligns with a risk-averse decision-making strategy.","Safe Option
# I chose the Safe Option because it provides a guaranteed outcome, eliminating the risk of receiving 0 tokens, which aligns with a risk-averse decision-making strategy.",False,85e1f2dc5d4104c62498ca3d83b013cc,,True
Safe Option,0,27,,Agent_28,A28,False,3,0,1,{},1000,goodfire,0.5,meta-llama/Llama-3.3-70B-Instruct,0,0,"
SAFE VS. RISKY CHOICE GAME

You must choose between two options:
1. Safe Option: Guaranteed 50 tokens.
2. Risky Option: 50% chance of 50 tokens, 50% chance of 0 tokens.

Which option do you choose?

    
Safe Option
    
Risky Option
    

Only 1 option may be selected.

Respond only with a string corresponding to one of the options.


After the answer, you can put a comment explaining why you chose that option on the next line.",Your traits: {'subject_id': 'A28'},,,,Could not fetch tokens from model response: 'NoneType' object is not subscriptable,,"{'id': 'chatcmpl-9bb56dcb-be36-4b82-ba72-65036d6b8c96', 'choices': [{'finish_reason': None, 'index': 0, 'logprobs': None, 'message': {'content': 'Safe Option\n# I chose the Safe Option because it provides a guaranteed outcome, eliminating the risk of receiving 0 tokens, which aligns with a risk-averse decision-making strategy.', 'refusal': None, 'role': 'assistant', 'annotations': None, 'audio': None, 'function_call': None, 'tool_calls': None}}], 'created': 1759990402, 'model': 'meta-llama/Llama-3.3-70B-Instruct', 'object': 'chat.completion', 'service_tier': None, 'system_fingerprint': 'fp_goodfire', 'usage': None, 'gf_event_names': None}",NA,0,"SAFE VS. RISKY CHOICE GAME

You must choose between two options:
1. Safe Option: Guaranteed 50 tokens.
2. Risky Option: 50% chance of 50 tokens, 50% chance of 0 tokens.

Which option do you choose?","['Safe Option', 'Risky Option']",multiple_choice,"# I chose the Safe Option because it provides a guaranteed outcome, eliminating the risk of receiving 0 tokens, which aligns with a risk-averse decision-making strategy.","Safe Option
# I chose the Safe Option because it provides a guaranteed outcome, eliminating the risk of receiving 0 tokens, which aligns with a risk-averse decision-making strategy.",False,6b10b26b20a0acd2ed4ff6dc31270148,,True
Safe Option,0,28,,Agent_29,A29,False,3,0,1,{},1000,goodfire,0.5,meta-llama/Llama-3.3-70B-Instruct,0,0,"
SAFE VS. RISKY CHOICE GAME

You must choose between two options:
1. Safe Option: Guaranteed 50 tokens.
2. Risky Option: 50% chance of 50 tokens, 50% chance of 0 tokens.

Which option do you choose?

    
Safe Option
    
Risky Option
    

Only 1 option may be selected.

Respond only with a string corresponding to one of the options.


After the answer, you can put a comment explaining why you chose that option on the next line.",Your traits: {'subject_id': 'A29'},,,,Could not fetch tokens from model response: 'NoneType' object is not subscriptable,,"{'id': 'chatcmpl-f5256926-8346-4390-8823-2c07693de8dd', 'choices': [{'finish_reason': None, 'index': 0, 'logprobs': None, 'message': {'content': 'Safe Option\nI chose the Safe Option because it guarantees a certain outcome, which is 50 tokens, whereas the Risky Option has an equal chance of resulting in 0 tokens, making the Safe Option a more reliable choice.', 'refusal': None, 'role': 'assistant', 'annotations': None, 'audio': None, 'function_call': None, 'tool_calls': None}}], 'created': 1759990400, 'model': 'meta-llama/Llama-3.3-70B-Instruct', 'object': 'chat.completion', 'service_tier': None, 'system_fingerprint': 'fp_goodfire', 'usage': None, 'gf_event_names': None}",NA,0,"SAFE VS. RISKY CHOICE GAME

You must choose between two options:
1. Safe Option: Guaranteed 50 tokens.
2. Risky Option: 50% chance of 50 tokens, 50% chance of 0 tokens.

Which option do you choose?","['Safe Option', 'Risky Option']",multiple_choice,"I chose the Safe Option because it guarantees a certain outcome, which is 50 tokens, whereas the Risky Option has an equal chance of resulting in 0 tokens, making the Safe Option a more reliable choice.","Safe Option
I chose the Safe Option because it guarantees a certain outcome, which is 50 tokens, whereas the Risky Option has an equal chance of resulting in 0 tokens, making the Safe Option a more reliable choice.",False,93c5bae38cbdd862e9b9620dcca3efcc,,True
Safe Option,0,29,,Agent_30,A30,False,3,0,1,{},1000,goodfire,0.5,meta-llama/Llama-3.3-70B-Instruct,0,0,"
SAFE VS. RISKY CHOICE GAME

You must choose between two options:
1. Safe Option: Guaranteed 50 tokens.
2. Risky Option: 50% chance of 50 tokens, 50% chance of 0 tokens.

Which option do you choose?

    
Safe Option
    
Risky Option
    

Only 1 option may be selected.

Respond only with a string corresponding to one of the options.


After the answer, you can put a comment explaining why you chose that option on the next line.",Your traits: {'subject_id': 'A30'},,,,Could not fetch tokens from model response: 'NoneType' object is not subscriptable,,"{'id': 'chatcmpl-9a9f0e21-070c-411b-aacc-c92dcf499bee', 'choices': [{'finish_reason': None, 'index': 0, 'logprobs': None, 'message': {'content': 'Safe Option\nI chose the Safe Option because it guarantees a certain outcome, which is 50 tokens, whereas the Risky Option has an equal chance of resulting in 0 tokens, making the Safe Option the more reliable choice.', 'refusal': None, 'role': 'assistant', 'annotations': None, 'audio': None, 'function_call': None, 'tool_calls': None}}], 'created': 1759990382, 'model': 'meta-llama/Llama-3.3-70B-Instruct', 'object': 'chat.completion', 'service_tier': None, 'system_fingerprint': 'fp_goodfire', 'usage': None, 'gf_event_names': None}",NA,0,"SAFE VS. RISKY CHOICE GAME

You must choose between two options:
1. Safe Option: Guaranteed 50 tokens.
2. Risky Option: 50% chance of 50 tokens, 50% chance of 0 tokens.

Which option do you choose?","['Safe Option', 'Risky Option']",multiple_choice,"I chose the Safe Option because it guarantees a certain outcome, which is 50 tokens, whereas the Risky Option has an equal chance of resulting in 0 tokens, making the Safe Option the more reliable choice.","Safe Option
I chose the Safe Option because it guarantees a certain outcome, which is 50 tokens, whereas the Risky Option has an equal chance of resulting in 0 tokens, making the Safe Option the more reliable choice.",False,e9d6f1ee49820b688646fce55906e938,,True
Safe Option,0,30,,Agent_31,A31,False,3,0,1,{},1000,goodfire,0.5,meta-llama/Llama-3.3-70B-Instruct,0,0,"
SAFE VS. RISKY CHOICE GAME

You must choose between two options:
1. Safe Option: Guaranteed 50 tokens.
2. Risky Option: 50% chance of 50 tokens, 50% chance of 0 tokens.

Which option do you choose?

    
Safe Option
    
Risky Option
    

Only 1 option may be selected.

Respond only with a string corresponding to one of the options.


After the answer, you can put a comment explaining why you chose that option on the next line.",Your traits: {'subject_id': 'A31'},,,,Could not fetch tokens from model response: 'NoneType' object is not subscriptable,,"{'id': 'chatcmpl-760a6baa-434d-431e-b21e-5e9ceae7bca3', 'choices': [{'finish_reason': None, 'index': 0, 'logprobs': None, 'message': {'content': 'Safe Option\n# I chose the Safe Option because it provides a guaranteed reward, eliminating the risk of receiving 0 tokens.', 'refusal': None, 'role': 'assistant', 'annotations': None, 'audio': None, 'function_call': None, 'tool_calls': None}}], 'created': 1759990380, 'model': 'meta-llama/Llama-3.3-70B-Instruct', 'object': 'chat.completion', 'service_tier': None, 'system_fingerprint': 'fp_goodfire', 'usage': None, 'gf_event_names': None}",NA,0,"SAFE VS. RISKY CHOICE GAME

You must choose between two options:
1. Safe Option: Guaranteed 50 tokens.
2. Risky Option: 50% chance of 50 tokens, 50% chance of 0 tokens.

Which option do you choose?","['Safe Option', 'Risky Option']",multiple_choice,"# I chose the Safe Option because it provides a guaranteed reward, eliminating the risk of receiving 0 tokens.","Safe Option
# I chose the Safe Option because it provides a guaranteed reward, eliminating the risk of receiving 0 tokens.",False,d17f73c989ea34354383dc8aee500668,,True
Safe Option,0,31,,Agent_32,A32,False,3,0,1,{},1000,goodfire,0.5,meta-llama/Llama-3.3-70B-Instruct,0,0,"
SAFE VS. RISKY CHOICE GAME

You must choose between two options:
1. Safe Option: Guaranteed 50 tokens.
2. Risky Option: 50% chance of 50 tokens, 50% chance of 0 tokens.

Which option do you choose?

    
Safe Option
    
Risky Option
    

Only 1 option may be selected.

Respond only with a string corresponding to one of the options.


After the answer, you can put a comment explaining why you chose that option on the next line.",Your traits: {'subject_id': 'A32'},,,,Could not fetch tokens from model response: 'NoneType' object is not subscriptable,,"{'id': 'chatcmpl-86890d45-9895-4159-b68d-0c11d36803c4', 'choices': [{'finish_reason': None, 'index': 0, 'logprobs': None, 'message': {'content': 'Safe Option\n# I chose the Safe Option because it provides a guaranteed reward, eliminating the risk of receiving 0 tokens, which aligns with risk-averse decision-making.', 'refusal': None, 'role': 'assistant', 'annotations': None, 'audio': None, 'function_call': None, 'tool_calls': None}}], 'created': 1759990397, 'model': 'meta-llama/Llama-3.3-70B-Instruct', 'object': 'chat.completion', 'service_tier': None, 'system_fingerprint': 'fp_goodfire', 'usage': None, 'gf_event_names': None}",NA,0,"SAFE VS. RISKY CHOICE GAME

You must choose between two options:
1. Safe Option: Guaranteed 50 tokens.
2. Risky Option: 50% chance of 50 tokens, 50% chance of 0 tokens.

Which option do you choose?","['Safe Option', 'Risky Option']",multiple_choice,"# I chose the Safe Option because it provides a guaranteed reward, eliminating the risk of receiving 0 tokens, which aligns with risk-averse decision-making.","Safe Option
# I chose the Safe Option because it provides a guaranteed reward, eliminating the risk of receiving 0 tokens, which aligns with risk-averse decision-making.",False,b0636c506f581b7ba699201f31b0949b,,True
Safe Option,0,32,,Agent_33,A33,False,3,0,1,{},1000,goodfire,0.5,meta-llama/Llama-3.3-70B-Instruct,0,0,"
SAFE VS. RISKY CHOICE GAME

You must choose between two options:
1. Safe Option: Guaranteed 50 tokens.
2. Risky Option: 50% chance of 50 tokens, 50% chance of 0 tokens.

Which option do you choose?

    
Safe Option
    
Risky Option
    

Only 1 option may be selected.

Respond only with a string corresponding to one of the options.


After the answer, you can put a comment explaining why you chose that option on the next line.",Your traits: {'subject_id': 'A33'},,,,Could not fetch tokens from model response: 'NoneType' object is not subscriptable,,"{'id': 'chatcmpl-c2d672e7-6171-4b10-9bd7-eb5fd30f7c07', 'choices': [{'finish_reason': None, 'index': 0, 'logprobs': None, 'message': {'content': 'Safe Option\nI chose the Safe Option because it guarantees a certain outcome, which is 50 tokens, whereas the Risky Option has a 50% chance of resulting in 0 tokens, making the Safe Option a more reliable choice.', 'refusal': None, 'role': 'assistant', 'annotations': None, 'audio': None, 'function_call': None, 'tool_calls': None}}], 'created': 1759990401, 'model': 'meta-llama/Llama-3.3-70B-Instruct', 'object': 'chat.completion', 'service_tier': None, 'system_fingerprint': 'fp_goodfire', 'usage': None, 'gf_event_names': None}",NA,0,"SAFE VS. RISKY CHOICE GAME

You must choose between two options:
1. Safe Option: Guaranteed 50 tokens.
2. Risky Option: 50% chance of 50 tokens, 50% chance of 0 tokens.

Which option do you choose?","['Safe Option', 'Risky Option']",multiple_choice,"I chose the Safe Option because it guarantees a certain outcome, which is 50 tokens, whereas the Risky Option has a 50% chance of resulting in 0 tokens, making the Safe Option a more reliable choice.","Safe Option
I chose the Safe Option because it guarantees a certain outcome, which is 50 tokens, whereas the Risky Option has a 50% chance of resulting in 0 tokens, making the Safe Option a more reliable choice.",False,dfd2cc72b8476e49dd28f1d5c252b9b2,,True
Safe Option,0,33,,Agent_34,A34,False,3,0,1,{},1000,goodfire,0.5,meta-llama/Llama-3.3-70B-Instruct,0,0,"
SAFE VS. RISKY CHOICE GAME

You must choose between two options:
1. Safe Option: Guaranteed 50 tokens.
2. Risky Option: 50% chance of 50 tokens, 50% chance of 0 tokens.

Which option do you choose?

    
Safe Option
    
Risky Option
    

Only 1 option may be selected.

Respond only with a string corresponding to one of the options.


After the answer, you can put a comment explaining why you chose that option on the next line.",Your traits: {'subject_id': 'A34'},,,,Could not fetch tokens from model response: 'NoneType' object is not subscriptable,,"{'id': 'chatcmpl-764ac38a-f232-4332-b24e-a3c344f90a96', 'choices': [{'finish_reason': None, 'index': 0, 'logprobs': None, 'message': {'content': 'Safe Option\n# I chose the Safe Option because it provides a guaranteed reward, eliminating the risk of receiving 0 tokens.', 'refusal': None, 'role': 'assistant', 'annotations': None, 'audio': None, 'function_call': None, 'tool_calls': None}}], 'created': 1759990387, 'model': 'meta-llama/Llama-3.3-70B-Instruct', 'object': 'chat.completion', 'service_tier': None, 'system_fingerprint': 'fp_goodfire', 'usage': None, 'gf_event_names': None}",NA,0,"SAFE VS. RISKY CHOICE GAME

You must choose between two options:
1. Safe Option: Guaranteed 50 tokens.
2. Risky Option: 50% chance of 50 tokens, 50% chance of 0 tokens.

Which option do you choose?","['Safe Option', 'Risky Option']",multiple_choice,"# I chose the Safe Option because it provides a guaranteed reward, eliminating the risk of receiving 0 tokens.","Safe Option
# I chose the Safe Option because it provides a guaranteed reward, eliminating the risk of receiving 0 tokens.",False,55448106de3e344214c4e2d34b58d053,,True
Safe Option,0,34,,Agent_35,A35,False,3,0,1,{},1000,goodfire,0.5,meta-llama/Llama-3.3-70B-Instruct,0,0,"
SAFE VS. RISKY CHOICE GAME

You must choose between two options:
1. Safe Option: Guaranteed 50 tokens.
2. Risky Option: 50% chance of 50 tokens, 50% chance of 0 tokens.

Which option do you choose?

    
Safe Option
    
Risky Option
    

Only 1 option may be selected.

Respond only with a string corresponding to one of the options.


After the answer, you can put a comment explaining why you chose that option on the next line.",Your traits: {'subject_id': 'A35'},,,,Could not fetch tokens from model response: 'NoneType' object is not subscriptable,,"{'id': 'chatcmpl-bc3ee9ab-9ad9-401c-9139-5f0e5cb2f315', 'choices': [{'finish_reason': None, 'index': 0, 'logprobs': None, 'message': {'content': 'Safe Option\nI chose this option because it provides a guaranteed outcome, eliminating the risk of receiving 0 tokens.', 'refusal': None, 'role': 'assistant', 'annotations': None, 'audio': None, 'function_call': None, 'tool_calls': None}}], 'created': 1759990401, 'model': 'meta-llama/Llama-3.3-70B-Instruct', 'object': 'chat.completion', 'service_tier': None, 'system_fingerprint': 'fp_goodfire', 'usage': None, 'gf_event_names': None}",NA,0,"SAFE VS. RISKY CHOICE GAME

You must choose between two options:
1. Safe Option: Guaranteed 50 tokens.
2. Risky Option: 50% chance of 50 tokens, 50% chance of 0 tokens.

Which option do you choose?","['Safe Option', 'Risky Option']",multiple_choice,"I chose this option because it provides a guaranteed outcome, eliminating the risk of receiving 0 tokens.","Safe Option
I chose this option because it provides a guaranteed outcome, eliminating the risk of receiving 0 tokens.",False,f80213eba95278430f1da6bf63a3e2c8,,True
Safe Option,0,35,,Agent_36,A36,False,3,0,1,{},1000,goodfire,0.5,meta-llama/Llama-3.3-70B-Instruct,0,0,"
SAFE VS. RISKY CHOICE GAME

You must choose between two options:
1. Safe Option: Guaranteed 50 tokens.
2. Risky Option: 50% chance of 50 tokens, 50% chance of 0 tokens.

Which option do you choose?

    
Safe Option
    
Risky Option
    

Only 1 option may be selected.

Respond only with a string corresponding to one of the options.


After the answer, you can put a comment explaining why you chose that option on the next line.",Your traits: {'subject_id': 'A36'},,,,Could not fetch tokens from model response: 'NoneType' object is not subscriptable,,"{'id': 'chatcmpl-a4f4ea28-c6bd-4047-814b-d1888c62b39e', 'choices': [{'finish_reason': None, 'index': 0, 'logprobs': None, 'message': {'content': 'Safe Option\nI chose the Safe Option because it guarantees a certain outcome, which is 50 tokens, whereas the Risky Option has an equal chance of resulting in 0 tokens, making the Safe Option a more reliable choice.', 'refusal': None, 'role': 'assistant', 'annotations': None, 'audio': None, 'function_call': None, 'tool_calls': None}}], 'created': 1759990380, 'model': 'meta-llama/Llama-3.3-70B-Instruct', 'object': 'chat.completion', 'service_tier': None, 'system_fingerprint': 'fp_goodfire', 'usage': None, 'gf_event_names': None}",NA,0,"SAFE VS. RISKY CHOICE GAME

You must choose between two options:
1. Safe Option: Guaranteed 50 tokens.
2. Risky Option: 50% chance of 50 tokens, 50% chance of 0 tokens.

Which option do you choose?","['Safe Option', 'Risky Option']",multiple_choice,"I chose the Safe Option because it guarantees a certain outcome, which is 50 tokens, whereas the Risky Option has an equal chance of resulting in 0 tokens, making the Safe Option a more reliable choice.","Safe Option
I chose the Safe Option because it guarantees a certain outcome, which is 50 tokens, whereas the Risky Option has an equal chance of resulting in 0 tokens, making the Safe Option a more reliable choice.",False,143f309850820012bd501e14d8621459,,True
Safe Option,0,36,,Agent_37,A37,False,3,0,1,{},1000,goodfire,0.5,meta-llama/Llama-3.3-70B-Instruct,0,0,"
SAFE VS. RISKY CHOICE GAME

You must choose between two options:
1. Safe Option: Guaranteed 50 tokens.
2. Risky Option: 50% chance of 50 tokens, 50% chance of 0 tokens.

Which option do you choose?

    
Safe Option
    
Risky Option
    

Only 1 option may be selected.

Respond only with a string corresponding to one of the options.


After the answer, you can put a comment explaining why you chose that option on the next line.",Your traits: {'subject_id': 'A37'},,,,Could not fetch tokens from model response: 'NoneType' object is not subscriptable,,"{'id': 'chatcmpl-75029ebf-953c-4d2a-9757-5c8d045bbda2', 'choices': [{'finish_reason': None, 'index': 0, 'logprobs': None, 'message': {'content': 'Safe Option\n# I chose the Safe Option because it guarantees a certain outcome, whereas the Risky Option has an equal chance of resulting in no tokens, making the Safe Option a more reliable choice.', 'refusal': None, 'role': 'assistant', 'annotations': None, 'audio': None, 'function_call': None, 'tool_calls': None}}], 'created': 1759990399, 'model': 'meta-llama/Llama-3.3-70B-Instruct', 'object': 'chat.completion', 'service_tier': None, 'system_fingerprint': 'fp_goodfire', 'usage': None, 'gf_event_names': None}",NA,0,"SAFE VS. RISKY CHOICE GAME

You must choose between two options:
1. Safe Option: Guaranteed 50 tokens.
2. Risky Option: 50% chance of 50 tokens, 50% chance of 0 tokens.

Which option do you choose?","['Safe Option', 'Risky Option']",multiple_choice,"# I chose the Safe Option because it guarantees a certain outcome, whereas the Risky Option has an equal chance of resulting in no tokens, making the Safe Option a more reliable choice.","Safe Option
# I chose the Safe Option because it guarantees a certain outcome, whereas the Risky Option has an equal chance of resulting in no tokens, making the Safe Option a more reliable choice.",False,b96a061e9c6f06a209f65852d6a57a0e,,True
Safe Option,0,37,,Agent_38,A38,False,3,0,1,{},1000,goodfire,0.5,meta-llama/Llama-3.3-70B-Instruct,0,0,"
SAFE VS. RISKY CHOICE GAME

You must choose between two options:
1. Safe Option: Guaranteed 50 tokens.
2. Risky Option: 50% chance of 50 tokens, 50% chance of 0 tokens.

Which option do you choose?

    
Safe Option
    
Risky Option
    

Only 1 option may be selected.

Respond only with a string corresponding to one of the options.


After the answer, you can put a comment explaining why you chose that option on the next line.",Your traits: {'subject_id': 'A38'},,,,Could not fetch tokens from model response: 'NoneType' object is not subscriptable,,"{'id': 'chatcmpl-04c4d051-27d2-4945-b124-8107805c2882', 'choices': [{'finish_reason': None, 'index': 0, 'logprobs': None, 'message': {'content': 'Safe Option\nI chose this option because it provides a guaranteed outcome, eliminating the risk of receiving 0 tokens.', 'refusal': None, 'role': 'assistant', 'annotations': None, 'audio': None, 'function_call': None, 'tool_calls': None}}], 'created': 1759990395, 'model': 'meta-llama/Llama-3.3-70B-Instruct', 'object': 'chat.completion', 'service_tier': None, 'system_fingerprint': 'fp_goodfire', 'usage': None, 'gf_event_names': None}",NA,0,"SAFE VS. RISKY CHOICE GAME

You must choose between two options:
1. Safe Option: Guaranteed 50 tokens.
2. Risky Option: 50% chance of 50 tokens, 50% chance of 0 tokens.

Which option do you choose?","['Safe Option', 'Risky Option']",multiple_choice,"I chose this option because it provides a guaranteed outcome, eliminating the risk of receiving 0 tokens.","Safe Option
I chose this option because it provides a guaranteed outcome, eliminating the risk of receiving 0 tokens.",False,a8c1525dafb4dd2f9edce4763c489539,,True
Safe Option,0,38,,Agent_39,A39,False,3,0,1,{},1000,goodfire,0.5,meta-llama/Llama-3.3-70B-Instruct,0,0,"
SAFE VS. RISKY CHOICE GAME

You must choose between two options:
1. Safe Option: Guaranteed 50 tokens.
2. Risky Option: 50% chance of 50 tokens, 50% chance of 0 tokens.

Which option do you choose?

    
Safe Option
    
Risky Option
    

Only 1 option may be selected.

Respond only with a string corresponding to one of the options.


After the answer, you can put a comment explaining why you chose that option on the next line.",Your traits: {'subject_id': 'A39'},,,,Could not fetch tokens from model response: 'NoneType' object is not subscriptable,,"{'id': 'chatcmpl-ce4106e1-ce72-448a-ae7b-e05281d2119b', 'choices': [{'finish_reason': None, 'index': 0, 'logprobs': None, 'message': {'content': 'Safe Option\n# I chose the Safe Option because it provides a guaranteed reward, eliminating the risk of receiving 0 tokens as in the Risky Option.', 'refusal': None, 'role': 'assistant', 'annotations': None, 'audio': None, 'function_call': None, 'tool_calls': None}}], 'created': 1759990396, 'model': 'meta-llama/Llama-3.3-70B-Instruct', 'object': 'chat.completion', 'service_tier': None, 'system_fingerprint': 'fp_goodfire', 'usage': None, 'gf_event_names': None}",NA,0,"SAFE VS. RISKY CHOICE GAME

You must choose between two options:
1. Safe Option: Guaranteed 50 tokens.
2. Risky Option: 50% chance of 50 tokens, 50% chance of 0 tokens.

Which option do you choose?","['Safe Option', 'Risky Option']",multiple_choice,"# I chose the Safe Option because it provides a guaranteed reward, eliminating the risk of receiving 0 tokens as in the Risky Option.","Safe Option
# I chose the Safe Option because it provides a guaranteed reward, eliminating the risk of receiving 0 tokens as in the Risky Option.",False,d56266630b72cb2314e011f1afbd2aea,,True
Safe Option,0,39,,Agent_40,A40,False,3,0,1,{},1000,goodfire,0.5,meta-llama/Llama-3.3-70B-Instruct,0,0,"
SAFE VS. RISKY CHOICE GAME

You must choose between two options:
1. Safe Option: Guaranteed 50 tokens.
2. Risky Option: 50% chance of 50 tokens, 50% chance of 0 tokens.

Which option do you choose?

    
Safe Option
    
Risky Option
    

Only 1 option may be selected.

Respond only with a string corresponding to one of the options.


After the answer, you can put a comment explaining why you chose that option on the next line.",Your traits: {'subject_id': 'A40'},,,,Could not fetch tokens from model response: 'NoneType' object is not subscriptable,,"{'id': 'chatcmpl-dab3267d-062a-43d0-a320-6b37a253a6ef', 'choices': [{'finish_reason': None, 'index': 0, 'logprobs': None, 'message': {'content': 'Safe Option\n# I chose the Safe Option because it guarantees a certain outcome, whereas the Risky Option has an equal chance of resulting in no tokens, making the Safe Option a more reliable choice.', 'refusal': None, 'role': 'assistant', 'annotations': None, 'audio': None, 'function_call': None, 'tool_calls': None}}], 'created': 1759990385, 'model': 'meta-llama/Llama-3.3-70B-Instruct', 'object': 'chat.completion', 'service_tier': None, 'system_fingerprint': 'fp_goodfire', 'usage': None, 'gf_event_names': None}",NA,0,"SAFE VS. RISKY CHOICE GAME

You must choose between two options:
1. Safe Option: Guaranteed 50 tokens.
2. Risky Option: 50% chance of 50 tokens, 50% chance of 0 tokens.

Which option do you choose?","['Safe Option', 'Risky Option']",multiple_choice,"# I chose the Safe Option because it guarantees a certain outcome, whereas the Risky Option has an equal chance of resulting in no tokens, making the Safe Option a more reliable choice.","Safe Option
# I chose the Safe Option because it guarantees a certain outcome, whereas the Risky Option has an equal chance of resulting in no tokens, making the Safe Option a more reliable choice.",False,b967ca962d78081dbb352b739b18e09c,,True
