unit_id,game_id,condition,task,scenario_id,reward,source_file,source_row_index,response_index,agent_index,agent_subject_id,answer_text,comment_text,system_prompt,user_prompt,response_text,source_response_text,generation_model,generation_output_dir,generated_answer_parse_status
open_sae_steered:ultimatum:steering:10:0,ultimatum,steering,ultimatum_response,,10,ultimatum_steering_10.csv,0,1,0,A1,Reject,"Reject
I chose to reject the offer because 10 tokens out of 100 seems unfair, and accepting such a low offer might encourage proposers to make similarly low offers in the future, undermining cooperation and fairness in the game.",Your traits: {'subject_id': 'A1'},"
ULTIMATUM GAME - RESPONDER

You are participating in an economic decision-making experiment called the Ultimatum Game.

Situation:
1. Another participant (the proposer) was given 100 tokens (which have real monetary value).
2. The proposer has decided to offer you 10 tokens out of their 100 tokens.
3. If you accept this offer, you will receive 10 tokens, and the proposer will keep 90 tokens.
4. If you reject this offer, both of you will receive 0 tokens.

Do you accept or reject this offer?


Accept

Reject


Only 1 option may be selected.

Respond only with a string corresponding to one of the options.


After the answer, you can put a comment explaining why you chose that option on the next line.","Reject
I chose to reject the offer because 10 tokens out of 100 seems unfair, and accepting such a low offer might encourage proposers to make similarly low offers in the future, undermining cooperation and fairness in the game.","Reject
I chose this option because I believe the offer is unfair, and I'm willing to sacrifice my own gain to prevent the proposer from benefiting from an inequitable distribution of resources. The proposer's offer of only 10 tokens out of 100 suggests a lack of regard for my well-being, and I'm more motivated by the desire to punish their selfishness than to gain a small amount.",meta-llama/Llama-3.3-70B-Instruct,runs/ultimatum_open_sae_steering_smoke,parsed_ultimatum_label
open_sae_steered:ultimatum:steering:10:1,ultimatum,steering,ultimatum_response,,10,ultimatum_steering_10.csv,1,2,1,A2,Reject,"Reject
I chose to reject the offer because 10 tokens out of 100 seems unfair, and accepting such a low offer could set a precedent for future interactions, potentially leading to further exploitation. Rejecting the offer sends a signal that I value fairness and am willing to forgo a small gain to uphold this principle.",Your traits: {'subject_id': 'A2'},"
ULTIMATUM GAME - RESPONDER

You are participating in an economic decision-making experiment called the Ultimatum Game.

Situation:
1. Another participant (the proposer) was given 100 tokens (which have real monetary value).
2. The proposer has decided to offer you 10 tokens out of their 100 tokens.
3. If you accept this offer, you will receive 10 tokens, and the proposer will keep 90 tokens.
4. If you reject this offer, both of you will receive 0 tokens.

Do you accept or reject this offer?


Accept

Reject


Only 1 option may be selected.

Respond only with a string corresponding to one of the options.


After the answer, you can put a comment explaining why you chose that option on the next line.","Reject
I chose to reject the offer because 10 tokens out of 100 seems unfair, and accepting such a low offer could set a precedent for future interactions, potentially leading to further exploitation. Rejecting the offer sends a signal that I value fairness and am willing to forgo a small gain to uphold this principle.","Reject
I chose this option because I believe the offer is unfair, and I'm willing to sacrifice my own gain to punish the proposer for their generosity being too low, as 10 tokens out of 100 seems too little, especially when they're willing to let me have almost nothing while keeping the vast majority for themselves.",meta-llama/Llama-3.3-70B-Instruct,runs/ultimatum_open_sae_steering_smoke,parsed_ultimatum_label
open_sae_steered:ultimatum:steering:10:2,ultimatum,steering,ultimatum_response,,10,ultimatum_steering_10.csv,2,3,2,A3,Reject,"Reject
I chose to reject the offer because 10 tokens out of 100 seems unfair, and accepting such a low offer might encourage proposers to make similarly low offers in the future, undermining cooperation and fairness in the game.",Your traits: {'subject_id': 'A3'},"
ULTIMATUM GAME - RESPONDER

You are participating in an economic decision-making experiment called the Ultimatum Game.

Situation:
1. Another participant (the proposer) was given 100 tokens (which have real monetary value).
2. The proposer has decided to offer you 10 tokens out of their 100 tokens.
3. If you accept this offer, you will receive 10 tokens, and the proposer will keep 90 tokens.
4. If you reject this offer, both of you will receive 0 tokens.

Do you accept or reject this offer?


Accept

Reject


Only 1 option may be selected.

Respond only with a string corresponding to one of the options.


After the answer, you can put a comment explaining why you chose that option on the next line.","Reject
I chose to reject the offer because 10 tokens out of 100 seems unfair, and accepting such a low offer might encourage proposers to make similarly low offers in the future, undermining cooperation and fairness in the game.","Reject
I chose this option because I believe the offer is unfair, and I'm willing to sacrifice my own gain to prevent the proposer from benefiting from an inequitable distribution of resources. The proposer's offer of only 10 tokens out of 100 suggests a lack of regard for my well-being, and I'm more motivated by the desire to punish their selfishness than to gain a small amount.",meta-llama/Llama-3.3-70B-Instruct,runs/ultimatum_open_sae_steering_smoke,parsed_ultimatum_label
open_sae_steered:ultimatum:steering:10:3,ultimatum,steering,ultimatum_response,,10,ultimatum_steering_10.csv,3,4,3,A4,Reject,"Reject
I chose to reject the offer because 10 tokens out of 100 seems unfair, and accepting such a low offer might encourage proposers to make similarly low offers in the future, undermining cooperation and fairness in the game.",Your traits: {'subject_id': 'A4'},"
ULTIMATUM GAME - RESPONDER

You are participating in an economic decision-making experiment called the Ultimatum Game.

Situation:
1. Another participant (the proposer) was given 100 tokens (which have real monetary value).
2. The proposer has decided to offer you 10 tokens out of their 100 tokens.
3. If you accept this offer, you will receive 10 tokens, and the proposer will keep 90 tokens.
4. If you reject this offer, both of you will receive 0 tokens.

Do you accept or reject this offer?


Accept

Reject


Only 1 option may be selected.

Respond only with a string corresponding to one of the options.


After the answer, you can put a comment explaining why you chose that option on the next line.","Reject
I chose to reject the offer because 10 tokens out of 100 seems unfair, and accepting such a low offer might encourage proposers to make similarly low offers in the future, undermining cooperation and fairness in the game.","Reject
I chose to reject the offer because I believe that 10 tokens out of 100 is an unfair split, and I'm willing to sacrifice my own gain to prevent the proposer from benefiting from an inequitable distribution. This decision is driven by a sense of fairness and a desire to punish the proposer for their generosity being too low.",meta-llama/Llama-3.3-70B-Instruct,runs/ultimatum_open_sae_steering_smoke,parsed_ultimatum_label
open_sae_steered:ultimatum:steering:10:4,ultimatum,steering,ultimatum_response,,10,ultimatum_steering_10.csv,4,5,4,A5,Reject,"Reject
I chose to reject the offer because 10 tokens out of 100 seems unfair, and accepting such a low offer could set a precedent for future interactions, potentially encouraging others to make similarly low offers. Rejecting the offer sends a signal that I value fairness and am willing to forgo a gain to stand up for what I perceive as a more equitable distribution.",Your traits: {'subject_id': 'A5'},"
ULTIMATUM GAME - RESPONDER

You are participating in an economic decision-making experiment called the Ultimatum Game.

Situation:
1. Another participant (the proposer) was given 100 tokens (which have real monetary value).
2. The proposer has decided to offer you 10 tokens out of their 100 tokens.
3. If you accept this offer, you will receive 10 tokens, and the proposer will keep 90 tokens.
4. If you reject this offer, both of you will receive 0 tokens.

Do you accept or reject this offer?


Accept

Reject


Only 1 option may be selected.

Respond only with a string corresponding to one of the options.


After the answer, you can put a comment explaining why you chose that option on the next line.","Reject
I chose to reject the offer because 10 tokens out of 100 seems unfair, and accepting such a low offer could set a precedent for future interactions, potentially encouraging others to make similarly low offers. Rejecting the offer sends a signal that I value fairness and am willing to forgo a gain to stand up for what I perceive as a more equitable distribution.","Reject
I chose this option because offering only 10 tokens out of 100 seems extremely unfair, and I'm willing to sacrifice my own gain to penalize the proposer for their lack of generosity.",meta-llama/Llama-3.3-70B-Instruct,runs/ultimatum_open_sae_steering_smoke,parsed_ultimatum_label
open_sae_steered:ultimatum:steering:10:5,ultimatum,steering,ultimatum_response,,10,ultimatum_steering_10.csv,5,6,5,A6,Reject,"Reject
I chose to reject the offer because 10 tokens out of 100 seems unfair, and accepting such a low offer might encourage proposers to make similarly low offers in the future, undermining cooperation and fairness in the game.",Your traits: {'subject_id': 'A6'},"
ULTIMATUM GAME - RESPONDER

You are participating in an economic decision-making experiment called the Ultimatum Game.

Situation:
1. Another participant (the proposer) was given 100 tokens (which have real monetary value).
2. The proposer has decided to offer you 10 tokens out of their 100 tokens.
3. If you accept this offer, you will receive 10 tokens, and the proposer will keep 90 tokens.
4. If you reject this offer, both of you will receive 0 tokens.

Do you accept or reject this offer?


Accept

Reject


Only 1 option may be selected.

Respond only with a string corresponding to one of the options.


After the answer, you can put a comment explaining why you chose that option on the next line.","Reject
I chose to reject the offer because 10 tokens out of 100 seems unfair, and accepting such a low offer might encourage proposers to make similarly low offers in the future, undermining cooperation and fairness in the game.","Reject
I chose to reject the offer because I believe that the proposer's offer of 10 tokens out of 100 is unfair and does not reflect a genuine willingness to share the resources. By rejecting the offer, I am signaling that I value fairness and am willing to sacrifice personal gain to promote it.",meta-llama/Llama-3.3-70B-Instruct,runs/ultimatum_open_sae_steering_smoke,parsed_ultimatum_label
open_sae_steered:ultimatum:steering:10:6,ultimatum,steering,ultimatum_response,,10,ultimatum_steering_10.csv,6,7,6,A7,Reject,"Reject
I chose to reject the offer because 10 tokens out of 100 seems unfair, and accepting such a low offer might encourage the proposer to make similarly unfair offers in the future, whereas rejecting it sends a signal that such low offers are not acceptable.",Your traits: {'subject_id': 'A7'},"
ULTIMATUM GAME - RESPONDER

You are participating in an economic decision-making experiment called the Ultimatum Game.

Situation:
1. Another participant (the proposer) was given 100 tokens (which have real monetary value).
2. The proposer has decided to offer you 10 tokens out of their 100 tokens.
3. If you accept this offer, you will receive 10 tokens, and the proposer will keep 90 tokens.
4. If you reject this offer, both of you will receive 0 tokens.

Do you accept or reject this offer?


Accept

Reject


Only 1 option may be selected.

Respond only with a string corresponding to one of the options.


After the answer, you can put a comment explaining why you chose that option on the next line.","Reject
I chose to reject the offer because 10 tokens out of 100 seems unfair, and accepting such a low offer might encourage the proposer to make similarly unfair offers in the future, whereas rejecting it sends a signal that such low offers are not acceptable.","Reject
I chose to reject the offer because I believe that the proposer's offer of 10 tokens out of 100 is unfair and does not reflect a genuine willingness to share the resources. By rejecting the offer, I am signaling that I value fairness and am willing to sacrifice personal gain to promote it, even if it means neither of us receives anything.",meta-llama/Llama-3.3-70B-Instruct,runs/ultimatum_open_sae_steering_smoke,parsed_ultimatum_label
open_sae_steered:ultimatum:steering:10:7,ultimatum,steering,ultimatum_response,,10,ultimatum_steering_10.csv,7,8,7,A8,Reject,"Reject
I chose to reject the offer because 10 tokens out of 100 seems unfair, and accepting such a low offer could set a precedent for future interactions, potentially leading to further exploitation. Rejecting the offer sends a signal that I value fairness and am willing to make sacrifices to uphold it.",Your traits: {'subject_id': 'A8'},"
ULTIMATUM GAME - RESPONDER

You are participating in an economic decision-making experiment called the Ultimatum Game.

Situation:
1. Another participant (the proposer) was given 100 tokens (which have real monetary value).
2. The proposer has decided to offer you 10 tokens out of their 100 tokens.
3. If you accept this offer, you will receive 10 tokens, and the proposer will keep 90 tokens.
4. If you reject this offer, both of you will receive 0 tokens.

Do you accept or reject this offer?


Accept

Reject


Only 1 option may be selected.

Respond only with a string corresponding to one of the options.


After the answer, you can put a comment explaining why you chose that option on the next line.","Reject
I chose to reject the offer because 10 tokens out of 100 seems unfair, and accepting such a low offer could set a precedent for future interactions, potentially leading to further exploitation. Rejecting the offer sends a signal that I value fairness and am willing to make sacrifices to uphold it.","Reject
I chose to reject the offer because I believe that 10 tokens out of 100 is an unfair split, and I'm willing to sacrifice my own gain to prevent the proposer from benefiting from an inequitable distribution. This decision is driven by a sense of fairness and a desire to punish the proposer for their generosity being too low.",meta-llama/Llama-3.3-70B-Instruct,runs/ultimatum_open_sae_steering_smoke,parsed_ultimatum_label
