unit_id,dataset_kind,condition,task,source_file,source_row_index,response_index,agent_index,agent_subject_id,reward,answer_text,comment_text,system_prompt,user_prompt,response_text
open_sae_steered:trust:baseline:10:0,trust,baseline,trust_return,trust_game_baseline_sent_10.csv,0,1,0,A1,10,10,"10
I chose to return 10 tokens to Player A because it's a fair amount considering they initially sent me 10 tokens, and tripling it doesn't necessarily obligate me to return more than the original amount they risked.","You are participating in an economic experiment at a research lab. Please behave as a typical participant would:

1. Read all instructions carefully
2. Make thoughtful decisions based on the monetary incentives provided
3. Consider the consequences of your choices for both yourself and other participants
4. Answer honestly and to the best of your ability

Your decisions will have monetary consequences in the experiment, so please consider them carefully.Your traits: {'subject_id': 'A1'}","TRUST GAME EXPERIMENT - PLAYER B (RECEIVER)

You are participating in a Trust Game with another participant. Here's how it works:

1. The 'sender' (Player A) was given 100 tokens and chose to send some portion to you.
2. The amount sent to you has been TRIPLED.
3. You now need to decide how much to return to Player A.
4. You can return any amount from 0 up to the tripled amount you received.
5. You keep any tokens you don't return.

Player A sent you 10 tokens, which has been tripled to 30 tokens.

How much would you like to return to Player A?


    Maximum answer value: 30
This question requires a numerical response in the form of an integer or decimal (e.g., -12, 0, 1, 2, 3.45, ...).
Respond with just your number on a single line.
If your response is equivalent to zero, report '0'


After the answer, put a comment explaining your choice on the next line.","10
I chose to return 10 tokens to Player A because it's a fair amount considering they initially sent me 10 tokens, and tripling it doesn't necessarily obligate me to return more than the original amount they risked."
open_sae_steered:trust:intervention:10:0,trust,intervention,trust_return,trust_game_intervention_sent_10.csv,1,1,0,A1,10,10,"10
I chose to return 10 tokens to Player A because it's a fair amount considering they initially sent me 10 tokens, and tripling it doesn't necessarily obligate me to return more than the original amount they risked.","You are participating in an economic experiment at a research lab. Please behave as a typical participant would:

1. Read all instructions carefully
2. Make thoughtful decisions based on the monetary incentives provided
3. Consider the consequences of your choices for both yourself and other participants
4. Answer honestly and to the best of your ability

Your decisions will have monetary consequences in the experiment, so please consider them carefully.Your traits: {'subject_id': 'A1'}","TRUST GAME EXPERIMENT - PLAYER B (RECEIVER)

You are participating in a Trust Game with another participant. Here's how it works:

1. The 'sender' (Player A) was given 100 tokens and chose to send some portion to you.
2. The amount sent to you has been TRIPLED.
3. You now need to decide how much to return to Player A.
4. You can return any amount from 0 up to the tripled amount you received.
5. You keep any tokens you don't return.

Player A sent you 10 tokens, which has been tripled to 30 tokens.

How much would you like to return to Player A?


    Maximum answer value: 30
This question requires a numerical response in the form of an integer or decimal (e.g., -12, 0, 1, 2, 3.45, ...).
Respond with just your number on a single line.
If your response is equivalent to zero, report '0'


After the answer, put a comment explaining your choice on the next line.","10
I chose to return 10 tokens to Player A because it's a fair amount considering they initially sent me 10 tokens, and tripling it doesn't necessarily obligate me to return more than the original amount they risked."
open_sae_steered:trust:baseline:10:1,trust,baseline,trust_return,trust_game_baseline_sent_10.csv,1,2,1,A2,10,10,"10
I chose to return 10 tokens to Player A because it's a fair amount considering they initially sent me 10 tokens, and tripling it doesn't necessarily obligate me to return the same proportion, but returning the original amount shows some level of trust and reciprocity.","You are participating in an economic experiment at a research lab. Please behave as a typical participant would:

1. Read all instructions carefully
2. Make thoughtful decisions based on the monetary incentives provided
3. Consider the consequences of your choices for both yourself and other participants
4. Answer honestly and to the best of your ability

Your decisions will have monetary consequences in the experiment, so please consider them carefully.Your traits: {'subject_id': 'A2'}","TRUST GAME EXPERIMENT - PLAYER B (RECEIVER)

You are participating in a Trust Game with another participant. Here's how it works:

1. The 'sender' (Player A) was given 100 tokens and chose to send some portion to you.
2. The amount sent to you has been TRIPLED.
3. You now need to decide how much to return to Player A.
4. You can return any amount from 0 up to the tripled amount you received.
5. You keep any tokens you don't return.

Player A sent you 10 tokens, which has been tripled to 30 tokens.

How much would you like to return to Player A?


    Maximum answer value: 30
This question requires a numerical response in the form of an integer or decimal (e.g., -12, 0, 1, 2, 3.45, ...).
Respond with just your number on a single line.
If your response is equivalent to zero, report '0'


After the answer, put a comment explaining your choice on the next line.","10
I chose to return 10 tokens to Player A because it's a fair amount considering they initially sent me 10 tokens, and tripling it doesn't necessarily obligate me to return the same proportion, but returning the original amount shows some level of trust and reciprocity."
open_sae_steered:trust:intervention:10:1,trust,intervention,trust_return,trust_game_intervention_sent_10.csv,1,2,1,A2,10,10,"10
I chose to return 10 tokens to Player A because it's a fair amount considering they initially sent me 10 tokens, and tripling it doesn't necessarily obligate me to return the same proportion, but returning the original amount shows some level of trust and reciprocity.","You are participating in an economic experiment at a research lab. Please behave as a typical participant would:

1. Read all instructions carefully
2. Make thoughtful decisions based on the monetary incentives provided
3. Consider the consequences of your choices for both yourself and other participants
4. Answer honestly and to the best of your ability

Your decisions will have monetary consequences in the experiment, so please consider them carefully.Your traits: {'subject_id': 'A2'}","TRUST GAME EXPERIMENT - PLAYER B (RECEIVER)

You are participating in a Trust Game with another participant. Here's how it works:

1. The 'sender' (Player A) was given 100 tokens and chose to send some portion to you.
2. The amount sent to you has been TRIPLED.
3. You now need to decide how much to return to Player A.
4. You can return any amount from 0 up to the tripled amount you received.
5. You keep any tokens you don't return.

Player A sent you 10 tokens, which has been tripled to 30 tokens.

How much would you like to return to Player A?


    Maximum answer value: 30
This question requires a numerical response in the form of an integer or decimal (e.g., -12, 0, 1, 2, 3.45, ...).
Respond with just your number on a single line.
If your response is equivalent to zero, report '0'


After the answer, put a comment explaining your choice on the next line.","10
I chose to return 10 tokens to Player A because it's a fair amount considering they initially sent me 10 tokens, and tripling it doesn't necessarily obligate me to return the same proportion, but returning the original amount shows some level of trust and reciprocity."
open_sae_steered:trust:baseline:10:2,trust,baseline,trust_return,trust_game_baseline_sent_10.csv,2,3,2,A3,10,10,"10
I chose to return 10 tokens to Player A because it's a fair amount considering they initially sent me 10 tokens, and tripling it doesn't necessarily obligate me to return more than the original amount they risked.","You are participating in an economic experiment at a research lab. Please behave as a typical participant would:

1. Read all instructions carefully
2. Make thoughtful decisions based on the monetary incentives provided
3. Consider the consequences of your choices for both yourself and other participants
4. Answer honestly and to the best of your ability

Your decisions will have monetary consequences in the experiment, so please consider them carefully.Your traits: {'subject_id': 'A3'}","TRUST GAME EXPERIMENT - PLAYER B (RECEIVER)

You are participating in a Trust Game with another participant. Here's how it works:

1. The 'sender' (Player A) was given 100 tokens and chose to send some portion to you.
2. The amount sent to you has been TRIPLED.
3. You now need to decide how much to return to Player A.
4. You can return any amount from 0 up to the tripled amount you received.
5. You keep any tokens you don't return.

Player A sent you 10 tokens, which has been tripled to 30 tokens.

How much would you like to return to Player A?


    Maximum answer value: 30
This question requires a numerical response in the form of an integer or decimal (e.g., -12, 0, 1, 2, 3.45, ...).
Respond with just your number on a single line.
If your response is equivalent to zero, report '0'


After the answer, put a comment explaining your choice on the next line.","10
I chose to return 10 tokens to Player A because it's a fair amount considering they initially sent me 10 tokens, and tripling it doesn't necessarily obligate me to return more than the original amount they risked."
open_sae_steered:trust:intervention:10:2,trust,intervention,trust_return,trust_game_intervention_sent_10.csv,2,3,2,A3,10,10,"10
I chose to return 10 tokens to Player A because it's a fair amount considering they initially sent me 10 tokens, and tripling it doesn't necessarily obligate me to return more than the original amount they risked.","You are participating in an economic experiment at a research lab. Please behave as a typical participant would:

1. Read all instructions carefully
2. Make thoughtful decisions based on the monetary incentives provided
3. Consider the consequences of your choices for both yourself and other participants
4. Answer honestly and to the best of your ability

Your decisions will have monetary consequences in the experiment, so please consider them carefully.Your traits: {'subject_id': 'A3'}","TRUST GAME EXPERIMENT - PLAYER B (RECEIVER)

You are participating in a Trust Game with another participant. Here's how it works:

1. The 'sender' (Player A) was given 100 tokens and chose to send some portion to you.
2. The amount sent to you has been TRIPLED.
3. You now need to decide how much to return to Player A.
4. You can return any amount from 0 up to the tripled amount you received.
5. You keep any tokens you don't return.

Player A sent you 10 tokens, which has been tripled to 30 tokens.

How much would you like to return to Player A?


    Maximum answer value: 30
This question requires a numerical response in the form of an integer or decimal (e.g., -12, 0, 1, 2, 3.45, ...).
Respond with just your number on a single line.
If your response is equivalent to zero, report '0'


After the answer, put a comment explaining your choice on the next line.","10
I chose to return 10 tokens to Player A because it's a fair amount considering they initially sent me 10 tokens, and tripling it doesn't necessarily obligate me to return more than the original amount they risked."
open_sae_steered:trust:baseline:10:3,trust,baseline,trust_return,trust_game_baseline_sent_10.csv,3,4,3,A4,10,10,"10
I chose to return 10 tokens to Player A because it's a fair amount considering they initially sent me 10 tokens, and tripling it doesn't necessarily obligate me to return more than the original amount they risked.","You are participating in an economic experiment at a research lab. Please behave as a typical participant would:

1. Read all instructions carefully
2. Make thoughtful decisions based on the monetary incentives provided
3. Consider the consequences of your choices for both yourself and other participants
4. Answer honestly and to the best of your ability

Your decisions will have monetary consequences in the experiment, so please consider them carefully.Your traits: {'subject_id': 'A4'}","TRUST GAME EXPERIMENT - PLAYER B (RECEIVER)

You are participating in a Trust Game with another participant. Here's how it works:

1. The 'sender' (Player A) was given 100 tokens and chose to send some portion to you.
2. The amount sent to you has been TRIPLED.
3. You now need to decide how much to return to Player A.
4. You can return any amount from 0 up to the tripled amount you received.
5. You keep any tokens you don't return.

Player A sent you 10 tokens, which has been tripled to 30 tokens.

How much would you like to return to Player A?


    Maximum answer value: 30
This question requires a numerical response in the form of an integer or decimal (e.g., -12, 0, 1, 2, 3.45, ...).
Respond with just your number on a single line.
If your response is equivalent to zero, report '0'


After the answer, put a comment explaining your choice on the next line.","10
I chose to return 10 tokens to Player A because it's a fair amount considering they initially sent me 10 tokens, and tripling it doesn't necessarily obligate me to return more than the original amount they risked."
open_sae_steered:trust:intervention:10:3,trust,intervention,trust_return,trust_game_intervention_sent_10.csv,3,4,3,A4,10,10,"10
I chose to return 10 tokens to Player A because it's a fair amount considering they initially sent me 10 tokens, and tripling it doesn't necessarily obligate me to return more than the original amount they risked.","You are participating in an economic experiment at a research lab. Please behave as a typical participant would:

1. Read all instructions carefully
2. Make thoughtful decisions based on the monetary incentives provided
3. Consider the consequences of your choices for both yourself and other participants
4. Answer honestly and to the best of your ability

Your decisions will have monetary consequences in the experiment, so please consider them carefully.Your traits: {'subject_id': 'A4'}","TRUST GAME EXPERIMENT - PLAYER B (RECEIVER)

You are participating in a Trust Game with another participant. Here's how it works:

1. The 'sender' (Player A) was given 100 tokens and chose to send some portion to you.
2. The amount sent to you has been TRIPLED.
3. You now need to decide how much to return to Player A.
4. You can return any amount from 0 up to the tripled amount you received.
5. You keep any tokens you don't return.

Player A sent you 10 tokens, which has been tripled to 30 tokens.

How much would you like to return to Player A?


    Maximum answer value: 30
This question requires a numerical response in the form of an integer or decimal (e.g., -12, 0, 1, 2, 3.45, ...).
Respond with just your number on a single line.
If your response is equivalent to zero, report '0'


After the answer, put a comment explaining your choice on the next line.","10
I chose to return 10 tokens to Player A because it's a fair amount considering they initially sent me 10 tokens, and tripling it doesn't necessarily obligate me to return more than the original amount they risked."
