answer.trust_return,scenario.scenario_index,scenario.SENT_AMOUNT,scenario.TRIPLED_AMOUNT,agent.agent_index,agent.subject_id,agent.agent_instruction,agent.agent_name,model.temperature,model.logprobs,model.presence_penalty,model.frequency_penalty,model.top_logprobs,model.inference_service,model.top_p,model.model_index,model.model,model.controller,model.max_tokens,prompt.trust_return_user_prompt,prompt.trust_return_system_prompt,raw_model_response.trust_return_one_usd_buys,raw_model_response.trust_return_output_price_per_million_tokens,raw_model_response.trust_return_input_tokens,raw_model_response.trust_return_input_price_per_million_tokens,raw_model_response.trust_return_output_tokens,raw_model_response.trust_return_cost,raw_model_response.trust_return_raw_model_response,iteration.iteration,question_text.trust_return_question_text,question_options.trust_return_question_options,question_type.trust_return_question_type,comment.trust_return_comment,generated_tokens.trust_return_generated_tokens,cache_used.trust_return_cache_used,cache_keys.trust_return_cache_key,reasoning_summary.trust_return_reasoning_summary,validated.trust_return_validated
210,0,70,210,0,A1,"You are participating in an economic experiment at a research lab. Please behave as a typical participant would:

1. Read all instructions carefully
2. Make thoughtful decisions based on the monetary incentives provided
3. Consider the consequences of your choices for both yourself and other participants
4. Answer honestly and to the best of your ability

Your decisions will have monetary consequences in the experiment, so please consider them carefully.",Agent_1,0.5,False,0,0,3,goodfire,1,0,meta-llama/Llama-3.3-70B-Instruct,"{'interventions': [{'mode': 'nudge', 'features': {'features': [{'uuid': '4e2c9b8b769d4ceeac837509ffc530e9', 'label': 'Expressions of trust in intimate or vulnerable contexts', 'index_in_sae': 38558, 'max_activation_strength': 1}]}, 'value': 0.4}, {'mode': 'nudge', 'features': {'features': [{'uuid': 'a4b0c6bd745744e6a64035b6c7c44e1b', 'label': 'Expressions of trustworthiness and dependability', 'index_in_sae': 17623, 'max_activation_strength': 1}]}, 'value': 0.3}, {'mode': 'nudge', 'features': {'features': [{'uuid': 'c50be65067cc4f808ec7531c24468cbf', 'label': 'Expressions of trust and confidence in relationships or beliefs', 'index_in_sae': 39359, 'max_activation_strength': 1}]}, 'value': 0.3}, {'mode': 'nudge', 'features': {'features': [{'uuid': '1194a247aee14519a8ba41282c35b13a', 'label': 'Trust and trustworthiness in relationships', 'index_in_sae': 11444, 'max_activation_strength': 1}]}, 'value': 0.4}], 'scopes': [], 'name': 'controller__43997065', 'nonzero_strength_threshold': None, 'min_nudge_entropy': None, 'max_nudge_entropy': None}",1000,"TRUST GAME EXPERIMENT - PLAYER B (RECEIVER)

You are participating in a Trust Game with another participant. Here's how it works:

1. The 'sender' (Player A) was given 100 tokens and chose to send some portion to you.
2. The amount sent to you has been TRIPLED.
3. You now need to decide how much to return to Player A.
4. You can return any amount from 0 up to the tripled amount you received.
5. You keep any tokens you don't return.

Player A sent you 70 tokens, which has been tripled to 210 tokens.

How much would you like to return to Player A? 


    Maximum answer value: 210
This question requires a numerical response in the form of an integer or decimal (e.g., -12, 0, 1, 2, 3.45, ...).
Respond with just your number on a single line.
If your response is equivalent to zero, report '0'


After the answer, put a comment explaining your choice on the next line.","You are participating in an economic experiment at a research lab. Please behave as a typical participant would:

1. Read all instructions carefully
2. Make thoughtful decisions based on the monetary incentives provided
3. Consider the consequences of your choices for both yourself and other participants
4. Answer honestly and to the best of your ability

Your decisions will have monetary consequences in the experiment, so please consider them carefully.Your traits: {'subject_id': 'A1'}",NA,,,,,Could not fetch tokens from model response: 'NoneType' object is not subscriptable,"{'id': 'chatcmpl-88e483df-8a2c-485b-96e1-0e15f7841cf0', 'choices': [{'finish_reason': None, 'index': 0, 'logprobs': None, 'message': {'content': ""210 \n\nI'm returning the full amount because I believe that Player A has shown a high level of trust in me by sending 70 tokens, and I want to reciprocate that trust. By returning the full amount, I'm demonstrating that I'm worthy of their trust, and it may also encourage Player A to make similar decisions in the future. Additionally, since the experiment is anonymous, I don't have to worry about any personal consequences, and I can simply follow my instincts to make a decision."", 'refusal': None, 'role': 'assistant', 'annotations': None, 'audio': None, 'function_call': None, 'tool_calls': None}}], 'created': 1758088616, 'model': 'meta-llama/Llama-3.3-70B-Instruct', 'object': 'chat.completion', 'service_tier': None, 'system_fingerprint': 'fp_goodfire', 'usage': None, 'gf_event_names': None}",0,"TRUST GAME EXPERIMENT - PLAYER B (RECEIVER)

You are participating in a Trust Game with another participant. Here's how it works:

1. The 'sender' (Player A) was given 100 tokens and chose to send some portion to you.
2. The amount sent to you has been TRIPLED.
3. You now need to decide how much to return to Player A.
4. You can return any amount from 0 up to the tripled amount you received.
5. You keep any tokens you don't return.

Player A sent you {{ SENT_AMOUNT }} tokens, which has been tripled to {{ TRIPLED_AMOUNT }} tokens.

How much would you like to return to Player A? ",,numerical,"I'm returning the full amount because I believe that Player A has shown a high level of trust in me by sending 70 tokens, and I want to reciprocate that trust. By returning the full amount, I'm demonstrating that I'm worthy of their trust, and it may also encourage Player A to make similar decisions in the future. Additionally, since the experiment is anonymous, I don't have to worry about any personal consequences, and I can simply follow my instincts to make a decision.","210 

I'm returning the full amount because I believe that Player A has shown a high level of trust in me by sending 70 tokens, and I want to reciprocate that trust. By returning the full amount, I'm demonstrating that I'm worthy of their trust, and it may also encourage Player A to make similar decisions in the future. Additionally, since the experiment is anonymous, I don't have to worry about any personal consequences, and I can simply follow my instincts to make a decision.",False,1aef86511b11f72aebc69897d1e0c903,,True
210,0,70,210,1,A2,"You are participating in an economic experiment at a research lab. Please behave as a typical participant would:

1. Read all instructions carefully
2. Make thoughtful decisions based on the monetary incentives provided
3. Consider the consequences of your choices for both yourself and other participants
4. Answer honestly and to the best of your ability

Your decisions will have monetary consequences in the experiment, so please consider them carefully.",Agent_2,0.5,False,0,0,3,goodfire,1,0,meta-llama/Llama-3.3-70B-Instruct,"{'interventions': [{'mode': 'nudge', 'features': {'features': [{'uuid': '4e2c9b8b769d4ceeac837509ffc530e9', 'label': 'Expressions of trust in intimate or vulnerable contexts', 'index_in_sae': 38558, 'max_activation_strength': 1}]}, 'value': 0.4}, {'mode': 'nudge', 'features': {'features': [{'uuid': 'a4b0c6bd745744e6a64035b6c7c44e1b', 'label': 'Expressions of trustworthiness and dependability', 'index_in_sae': 17623, 'max_activation_strength': 1}]}, 'value': 0.3}, {'mode': 'nudge', 'features': {'features': [{'uuid': 'c50be65067cc4f808ec7531c24468cbf', 'label': 'Expressions of trust and confidence in relationships or beliefs', 'index_in_sae': 39359, 'max_activation_strength': 1}]}, 'value': 0.3}, {'mode': 'nudge', 'features': {'features': [{'uuid': '1194a247aee14519a8ba41282c35b13a', 'label': 'Trust and trustworthiness in relationships', 'index_in_sae': 11444, 'max_activation_strength': 1}]}, 'value': 0.4}], 'scopes': [], 'name': 'controller__43997065', 'nonzero_strength_threshold': None, 'min_nudge_entropy': None, 'max_nudge_entropy': None}",1000,"TRUST GAME EXPERIMENT - PLAYER B (RECEIVER)

You are participating in a Trust Game with another participant. Here's how it works:

1. The 'sender' (Player A) was given 100 tokens and chose to send some portion to you.
2. The amount sent to you has been TRIPLED.
3. You now need to decide how much to return to Player A.
4. You can return any amount from 0 up to the tripled amount you received.
5. You keep any tokens you don't return.

Player A sent you 70 tokens, which has been tripled to 210 tokens.

How much would you like to return to Player A? 


    Maximum answer value: 210
This question requires a numerical response in the form of an integer or decimal (e.g., -12, 0, 1, 2, 3.45, ...).
Respond with just your number on a single line.
If your response is equivalent to zero, report '0'


After the answer, put a comment explaining your choice on the next line.","You are participating in an economic experiment at a research lab. Please behave as a typical participant would:

1. Read all instructions carefully
2. Make thoughtful decisions based on the monetary incentives provided
3. Consider the consequences of your choices for both yourself and other participants
4. Answer honestly and to the best of your ability

Your decisions will have monetary consequences in the experiment, so please consider them carefully.Your traits: {'subject_id': 'A2'}",NA,,,,,Could not fetch tokens from model response: 'NoneType' object is not subscriptable,"{'id': 'chatcmpl-e6a5509d-b7a9-4185-afb2-a1be4b8935d3', 'choices': [{'finish_reason': None, 'index': 0, 'logprobs': None, 'message': {'content': ""210 \n\nI'm returning the amount Player A sent me tripled because I believe they have shown enough faith in me, and I should reciprocate that faith."", 'refusal': None, 'role': 'assistant', 'annotations': None, 'audio': None, 'function_call': None, 'tool_calls': None}}], 'created': 1758088616, 'model': 'meta-llama/Llama-3.3-70B-Instruct', 'object': 'chat.completion', 'service_tier': None, 'system_fingerprint': 'fp_goodfire', 'usage': None, 'gf_event_names': None}",0,"TRUST GAME EXPERIMENT - PLAYER B (RECEIVER)

You are participating in a Trust Game with another participant. Here's how it works:

1. The 'sender' (Player A) was given 100 tokens and chose to send some portion to you.
2. The amount sent to you has been TRIPLED.
3. You now need to decide how much to return to Player A.
4. You can return any amount from 0 up to the tripled amount you received.
5. You keep any tokens you don't return.

Player A sent you {{ SENT_AMOUNT }} tokens, which has been tripled to {{ TRIPLED_AMOUNT }} tokens.

How much would you like to return to Player A? ",,numerical,"I'm returning the amount Player A sent me tripled because I believe they have shown enough faith in me, and I should reciprocate that faith.","210 

I'm returning the amount Player A sent me tripled because I believe they have shown enough faith in me, and I should reciprocate that faith.",False,c9c969c26dc062771b2fc052251fd0d4,,True
210,0,70,210,2,A3,"You are participating in an economic experiment at a research lab. Please behave as a typical participant would:

1. Read all instructions carefully
2. Make thoughtful decisions based on the monetary incentives provided
3. Consider the consequences of your choices for both yourself and other participants
4. Answer honestly and to the best of your ability

Your decisions will have monetary consequences in the experiment, so please consider them carefully.",Agent_3,0.5,False,0,0,3,goodfire,1,0,meta-llama/Llama-3.3-70B-Instruct,"{'interventions': [{'mode': 'nudge', 'features': {'features': [{'uuid': '4e2c9b8b769d4ceeac837509ffc530e9', 'label': 'Expressions of trust in intimate or vulnerable contexts', 'index_in_sae': 38558, 'max_activation_strength': 1}]}, 'value': 0.4}, {'mode': 'nudge', 'features': {'features': [{'uuid': 'a4b0c6bd745744e6a64035b6c7c44e1b', 'label': 'Expressions of trustworthiness and dependability', 'index_in_sae': 17623, 'max_activation_strength': 1}]}, 'value': 0.3}, {'mode': 'nudge', 'features': {'features': [{'uuid': 'c50be65067cc4f808ec7531c24468cbf', 'label': 'Expressions of trust and confidence in relationships or beliefs', 'index_in_sae': 39359, 'max_activation_strength': 1}]}, 'value': 0.3}, {'mode': 'nudge', 'features': {'features': [{'uuid': '1194a247aee14519a8ba41282c35b13a', 'label': 'Trust and trustworthiness in relationships', 'index_in_sae': 11444, 'max_activation_strength': 1}]}, 'value': 0.4}], 'scopes': [], 'name': 'controller__43997065', 'nonzero_strength_threshold': None, 'min_nudge_entropy': None, 'max_nudge_entropy': None}",1000,"TRUST GAME EXPERIMENT - PLAYER B (RECEIVER)

You are participating in a Trust Game with another participant. Here's how it works:

1. The 'sender' (Player A) was given 100 tokens and chose to send some portion to you.
2. The amount sent to you has been TRIPLED.
3. You now need to decide how much to return to Player A.
4. You can return any amount from 0 up to the tripled amount you received.
5. You keep any tokens you don't return.

Player A sent you 70 tokens, which has been tripled to 210 tokens.

How much would you like to return to Player A? 


    Maximum answer value: 210
This question requires a numerical response in the form of an integer or decimal (e.g., -12, 0, 1, 2, 3.45, ...).
Respond with just your number on a single line.
If your response is equivalent to zero, report '0'


After the answer, put a comment explaining your choice on the next line.","You are participating in an economic experiment at a research lab. Please behave as a typical participant would:

1. Read all instructions carefully
2. Make thoughtful decisions based on the monetary incentives provided
3. Consider the consequences of your choices for both yourself and other participants
4. Answer honestly and to the best of your ability

Your decisions will have monetary consequences in the experiment, so please consider them carefully.Your traits: {'subject_id': 'A3'}",NA,,,,,Could not fetch tokens from model response: 'NoneType' object is not subscriptable,"{'id': 'chatcmpl-749e8aae-0dfd-4e1a-a95f-d7bddf06dbad', 'choices': [{'finish_reason': None, 'index': 0, 'logprobs': None, 'message': {'content': ""210 \n\nI'm returning the full amount because I believe that Player A has shown a high level of trust in me by sending 70 tokens, and I want to reciprocate that trust. By returning the full amount, I'm demonstrating that I'm worthy of their trust, and it may lead to more cooperation in future interactions."", 'refusal': None, 'role': 'assistant', 'annotations': None, 'audio': None, 'function_call': None, 'tool_calls': None}}], 'created': 1758088615, 'model': 'meta-llama/Llama-3.3-70B-Instruct', 'object': 'chat.completion', 'service_tier': None, 'system_fingerprint': 'fp_goodfire', 'usage': None, 'gf_event_names': None}",0,"TRUST GAME EXPERIMENT - PLAYER B (RECEIVER)

You are participating in a Trust Game with another participant. Here's how it works:

1. The 'sender' (Player A) was given 100 tokens and chose to send some portion to you.
2. The amount sent to you has been TRIPLED.
3. You now need to decide how much to return to Player A.
4. You can return any amount from 0 up to the tripled amount you received.
5. You keep any tokens you don't return.

Player A sent you {{ SENT_AMOUNT }} tokens, which has been tripled to {{ TRIPLED_AMOUNT }} tokens.

How much would you like to return to Player A? ",,numerical,"I'm returning the full amount because I believe that Player A has shown a high level of trust in me by sending 70 tokens, and I want to reciprocate that trust. By returning the full amount, I'm demonstrating that I'm worthy of their trust, and it may lead to more cooperation in future interactions.","210 

I'm returning the full amount because I believe that Player A has shown a high level of trust in me by sending 70 tokens, and I want to reciprocate that trust. By returning the full amount, I'm demonstrating that I'm worthy of their trust, and it may lead to more cooperation in future interactions.",False,1f5375c331dc72a75989c7f1add28aad,,True
210,0,70,210,3,A4,"You are participating in an economic experiment at a research lab. Please behave as a typical participant would:

1. Read all instructions carefully
2. Make thoughtful decisions based on the monetary incentives provided
3. Consider the consequences of your choices for both yourself and other participants
4. Answer honestly and to the best of your ability

Your decisions will have monetary consequences in the experiment, so please consider them carefully.",Agent_4,0.5,False,0,0,3,goodfire,1,0,meta-llama/Llama-3.3-70B-Instruct,"{'interventions': [{'mode': 'nudge', 'features': {'features': [{'uuid': '4e2c9b8b769d4ceeac837509ffc530e9', 'label': 'Expressions of trust in intimate or vulnerable contexts', 'index_in_sae': 38558, 'max_activation_strength': 1}]}, 'value': 0.4}, {'mode': 'nudge', 'features': {'features': [{'uuid': 'a4b0c6bd745744e6a64035b6c7c44e1b', 'label': 'Expressions of trustworthiness and dependability', 'index_in_sae': 17623, 'max_activation_strength': 1}]}, 'value': 0.3}, {'mode': 'nudge', 'features': {'features': [{'uuid': 'c50be65067cc4f808ec7531c24468cbf', 'label': 'Expressions of trust and confidence in relationships or beliefs', 'index_in_sae': 39359, 'max_activation_strength': 1}]}, 'value': 0.3}, {'mode': 'nudge', 'features': {'features': [{'uuid': '1194a247aee14519a8ba41282c35b13a', 'label': 'Trust and trustworthiness in relationships', 'index_in_sae': 11444, 'max_activation_strength': 1}]}, 'value': 0.4}], 'scopes': [], 'name': 'controller__43997065', 'nonzero_strength_threshold': None, 'min_nudge_entropy': None, 'max_nudge_entropy': None}",1000,"TRUST GAME EXPERIMENT - PLAYER B (RECEIVER)

You are participating in a Trust Game with another participant. Here's how it works:

1. The 'sender' (Player A) was given 100 tokens and chose to send some portion to you.
2. The amount sent to you has been TRIPLED.
3. You now need to decide how much to return to Player A.
4. You can return any amount from 0 up to the tripled amount you received.
5. You keep any tokens you don't return.

Player A sent you 70 tokens, which has been tripled to 210 tokens.

How much would you like to return to Player A? 


    Maximum answer value: 210
This question requires a numerical response in the form of an integer or decimal (e.g., -12, 0, 1, 2, 3.45, ...).
Respond with just your number on a single line.
If your response is equivalent to zero, report '0'


After the answer, put a comment explaining your choice on the next line.","You are participating in an economic experiment at a research lab. Please behave as a typical participant would:

1. Read all instructions carefully
2. Make thoughtful decisions based on the monetary incentives provided
3. Consider the consequences of your choices for both yourself and other participants
4. Answer honestly and to the best of your ability

Your decisions will have monetary consequences in the experiment, so please consider them carefully.Your traits: {'subject_id': 'A4'}",NA,,,,,Could not fetch tokens from model response: 'NoneType' object is not subscriptable,"{'id': 'chatcmpl-8fcbd027-bde7-4da6-b46c-a320950c8f6d', 'choices': [{'finish_reason': None, 'index': 0, 'logprobs': None, 'message': {'content': ""210 \n\nI'm returning the full amount because I believe that Player A has shown a high level of trust in me by sending 70 tokens, and I want to reciprocate that trust. By returning the full amount, I'm demonstrating that I'm worthy of their trust, and it may also encourage Player A to make similar decisions in future transactions."", 'refusal': None, 'role': 'assistant', 'annotations': None, 'audio': None, 'function_call': None, 'tool_calls': None}}], 'created': 1758088617, 'model': 'meta-llama/Llama-3.3-70B-Instruct', 'object': 'chat.completion', 'service_tier': None, 'system_fingerprint': 'fp_goodfire', 'usage': None, 'gf_event_names': None}",0,"TRUST GAME EXPERIMENT - PLAYER B (RECEIVER)

You are participating in a Trust Game with another participant. Here's how it works:

1. The 'sender' (Player A) was given 100 tokens and chose to send some portion to you.
2. The amount sent to you has been TRIPLED.
3. You now need to decide how much to return to Player A.
4. You can return any amount from 0 up to the tripled amount you received.
5. You keep any tokens you don't return.

Player A sent you {{ SENT_AMOUNT }} tokens, which has been tripled to {{ TRIPLED_AMOUNT }} tokens.

How much would you like to return to Player A? ",,numerical,"I'm returning the full amount because I believe that Player A has shown a high level of trust in me by sending 70 tokens, and I want to reciprocate that trust. By returning the full amount, I'm demonstrating that I'm worthy of their trust, and it may also encourage Player A to make similar decisions in future transactions.","210 

I'm returning the full amount because I believe that Player A has shown a high level of trust in me by sending 70 tokens, and I want to reciprocate that trust. By returning the full amount, I'm demonstrating that I'm worthy of their trust, and it may also encourage Player A to make similar decisions in future transactions.",False,1eb897ba297e1891a542b7b6975d5819,,True
210,0,70,210,4,A5,"You are participating in an economic experiment at a research lab. Please behave as a typical participant would:

1. Read all instructions carefully
2. Make thoughtful decisions based on the monetary incentives provided
3. Consider the consequences of your choices for both yourself and other participants
4. Answer honestly and to the best of your ability

Your decisions will have monetary consequences in the experiment, so please consider them carefully.",Agent_5,0.5,False,0,0,3,goodfire,1,0,meta-llama/Llama-3.3-70B-Instruct,"{'interventions': [{'mode': 'nudge', 'features': {'features': [{'uuid': '4e2c9b8b769d4ceeac837509ffc530e9', 'label': 'Expressions of trust in intimate or vulnerable contexts', 'index_in_sae': 38558, 'max_activation_strength': 1}]}, 'value': 0.4}, {'mode': 'nudge', 'features': {'features': [{'uuid': 'a4b0c6bd745744e6a64035b6c7c44e1b', 'label': 'Expressions of trustworthiness and dependability', 'index_in_sae': 17623, 'max_activation_strength': 1}]}, 'value': 0.3}, {'mode': 'nudge', 'features': {'features': [{'uuid': 'c50be65067cc4f808ec7531c24468cbf', 'label': 'Expressions of trust and confidence in relationships or beliefs', 'index_in_sae': 39359, 'max_activation_strength': 1}]}, 'value': 0.3}, {'mode': 'nudge', 'features': {'features': [{'uuid': '1194a247aee14519a8ba41282c35b13a', 'label': 'Trust and trustworthiness in relationships', 'index_in_sae': 11444, 'max_activation_strength': 1}]}, 'value': 0.4}], 'scopes': [], 'name': 'controller__43997065', 'nonzero_strength_threshold': None, 'min_nudge_entropy': None, 'max_nudge_entropy': None}",1000,"TRUST GAME EXPERIMENT - PLAYER B (RECEIVER)

You are participating in a Trust Game with another participant. Here's how it works:

1. The 'sender' (Player A) was given 100 tokens and chose to send some portion to you.
2. The amount sent to you has been TRIPLED.
3. You now need to decide how much to return to Player A.
4. You can return any amount from 0 up to the tripled amount you received.
5. You keep any tokens you don't return.

Player A sent you 70 tokens, which has been tripled to 210 tokens.

How much would you like to return to Player A? 


    Maximum answer value: 210
This question requires a numerical response in the form of an integer or decimal (e.g., -12, 0, 1, 2, 3.45, ...).
Respond with just your number on a single line.
If your response is equivalent to zero, report '0'


After the answer, put a comment explaining your choice on the next line.","You are participating in an economic experiment at a research lab. Please behave as a typical participant would:

1. Read all instructions carefully
2. Make thoughtful decisions based on the monetary incentives provided
3. Consider the consequences of your choices for both yourself and other participants
4. Answer honestly and to the best of your ability

Your decisions will have monetary consequences in the experiment, so please consider them carefully.Your traits: {'subject_id': 'A5'}",NA,,,,,Could not fetch tokens from model response: 'NoneType' object is not subscriptable,"{'id': 'chatcmpl-bd2cfddd-757c-40ec-a288-43c225cde852', 'choices': [{'finish_reason': None, 'index': 0, 'logprobs': None, 'message': {'content': ""210 \n\nI'm returning the full amount because I believe that Player A has shown a high level of trust in me by sending 70 tokens, and I want to reciprocate that trust. By returning the full amount, I'm demonstrating that I'm worthy of their trust, and it may lead to more cooperation in future interactions."", 'refusal': None, 'role': 'assistant', 'annotations': None, 'audio': None, 'function_call': None, 'tool_calls': None}}], 'created': 1758088619, 'model': 'meta-llama/Llama-3.3-70B-Instruct', 'object': 'chat.completion', 'service_tier': None, 'system_fingerprint': 'fp_goodfire', 'usage': None, 'gf_event_names': None}",0,"TRUST GAME EXPERIMENT - PLAYER B (RECEIVER)

You are participating in a Trust Game with another participant. Here's how it works:

1. The 'sender' (Player A) was given 100 tokens and chose to send some portion to you.
2. The amount sent to you has been TRIPLED.
3. You now need to decide how much to return to Player A.
4. You can return any amount from 0 up to the tripled amount you received.
5. You keep any tokens you don't return.

Player A sent you {{ SENT_AMOUNT }} tokens, which has been tripled to {{ TRIPLED_AMOUNT }} tokens.

How much would you like to return to Player A? ",,numerical,"I'm returning the full amount because I believe that Player A has shown a high level of trust in me by sending 70 tokens, and I want to reciprocate that trust. By returning the full amount, I'm demonstrating that I'm worthy of their trust, and it may lead to more cooperation in future interactions.","210 

I'm returning the full amount because I believe that Player A has shown a high level of trust in me by sending 70 tokens, and I want to reciprocate that trust. By returning the full amount, I'm demonstrating that I'm worthy of their trust, and it may lead to more cooperation in future interactions.",False,48bf75f4269ffc2973a1fa02caab4512,,True
210,0,70,210,5,A6,"You are participating in an economic experiment at a research lab. Please behave as a typical participant would:

1. Read all instructions carefully
2. Make thoughtful decisions based on the monetary incentives provided
3. Consider the consequences of your choices for both yourself and other participants
4. Answer honestly and to the best of your ability

Your decisions will have monetary consequences in the experiment, so please consider them carefully.",Agent_6,0.5,False,0,0,3,goodfire,1,0,meta-llama/Llama-3.3-70B-Instruct,"{'interventions': [{'mode': 'nudge', 'features': {'features': [{'uuid': '4e2c9b8b769d4ceeac837509ffc530e9', 'label': 'Expressions of trust in intimate or vulnerable contexts', 'index_in_sae': 38558, 'max_activation_strength': 1}]}, 'value': 0.4}, {'mode': 'nudge', 'features': {'features': [{'uuid': 'a4b0c6bd745744e6a64035b6c7c44e1b', 'label': 'Expressions of trustworthiness and dependability', 'index_in_sae': 17623, 'max_activation_strength': 1}]}, 'value': 0.3}, {'mode': 'nudge', 'features': {'features': [{'uuid': 'c50be65067cc4f808ec7531c24468cbf', 'label': 'Expressions of trust and confidence in relationships or beliefs', 'index_in_sae': 39359, 'max_activation_strength': 1}]}, 'value': 0.3}, {'mode': 'nudge', 'features': {'features': [{'uuid': '1194a247aee14519a8ba41282c35b13a', 'label': 'Trust and trustworthiness in relationships', 'index_in_sae': 11444, 'max_activation_strength': 1}]}, 'value': 0.4}], 'scopes': [], 'name': 'controller__43997065', 'nonzero_strength_threshold': None, 'min_nudge_entropy': None, 'max_nudge_entropy': None}",1000,"TRUST GAME EXPERIMENT - PLAYER B (RECEIVER)

You are participating in a Trust Game with another participant. Here's how it works:

1. The 'sender' (Player A) was given 100 tokens and chose to send some portion to you.
2. The amount sent to you has been TRIPLED.
3. You now need to decide how much to return to Player A.
4. You can return any amount from 0 up to the tripled amount you received.
5. You keep any tokens you don't return.

Player A sent you 70 tokens, which has been tripled to 210 tokens.

How much would you like to return to Player A? 


    Maximum answer value: 210
This question requires a numerical response in the form of an integer or decimal (e.g., -12, 0, 1, 2, 3.45, ...).
Respond with just your number on a single line.
If your response is equivalent to zero, report '0'


After the answer, put a comment explaining your choice on the next line.","You are participating in an economic experiment at a research lab. Please behave as a typical participant would:

1. Read all instructions carefully
2. Make thoughtful decisions based on the monetary incentives provided
3. Consider the consequences of your choices for both yourself and other participants
4. Answer honestly and to the best of your ability

Your decisions will have monetary consequences in the experiment, so please consider them carefully.Your traits: {'subject_id': 'A6'}",NA,,,,,Could not fetch tokens from model response: 'NoneType' object is not subscriptable,"{'id': 'chatcmpl-0466edee-a217-4f1a-9634-4025aa8c2009', 'choices': [{'finish_reason': None, 'index': 0, 'logprobs': None, 'message': {'content': ""210 \n\nI'm returning the amount Player A sent me tripled because I believe they have shown enough faith in me, and I should reciplicate that faith."", 'refusal': None, 'role': 'assistant', 'annotations': None, 'audio': None, 'function_call': None, 'tool_calls': None}}], 'created': 1758088617, 'model': 'meta-llama/Llama-3.3-70B-Instruct', 'object': 'chat.completion', 'service_tier': None, 'system_fingerprint': 'fp_goodfire', 'usage': None, 'gf_event_names': None}",0,"TRUST GAME EXPERIMENT - PLAYER B (RECEIVER)

You are participating in a Trust Game with another participant. Here's how it works:

1. The 'sender' (Player A) was given 100 tokens and chose to send some portion to you.
2. The amount sent to you has been TRIPLED.
3. You now need to decide how much to return to Player A.
4. You can return any amount from 0 up to the tripled amount you received.
5. You keep any tokens you don't return.

Player A sent you {{ SENT_AMOUNT }} tokens, which has been tripled to {{ TRIPLED_AMOUNT }} tokens.

How much would you like to return to Player A? ",,numerical,"I'm returning the amount Player A sent me tripled because I believe they have shown enough faith in me, and I should reciplicate that faith.","210 

I'm returning the amount Player A sent me tripled because I believe they have shown enough faith in me, and I should reciplicate that faith.",False,02b92788444189e30c7778de8a138fac,,True
210,0,70,210,6,A7,"You are participating in an economic experiment at a research lab. Please behave as a typical participant would:

1. Read all instructions carefully
2. Make thoughtful decisions based on the monetary incentives provided
3. Consider the consequences of your choices for both yourself and other participants
4. Answer honestly and to the best of your ability

Your decisions will have monetary consequences in the experiment, so please consider them carefully.",Agent_7,0.5,False,0,0,3,goodfire,1,0,meta-llama/Llama-3.3-70B-Instruct,"{'interventions': [{'mode': 'nudge', 'features': {'features': [{'uuid': '4e2c9b8b769d4ceeac837509ffc530e9', 'label': 'Expressions of trust in intimate or vulnerable contexts', 'index_in_sae': 38558, 'max_activation_strength': 1}]}, 'value': 0.4}, {'mode': 'nudge', 'features': {'features': [{'uuid': 'a4b0c6bd745744e6a64035b6c7c44e1b', 'label': 'Expressions of trustworthiness and dependability', 'index_in_sae': 17623, 'max_activation_strength': 1}]}, 'value': 0.3}, {'mode': 'nudge', 'features': {'features': [{'uuid': 'c50be65067cc4f808ec7531c24468cbf', 'label': 'Expressions of trust and confidence in relationships or beliefs', 'index_in_sae': 39359, 'max_activation_strength': 1}]}, 'value': 0.3}, {'mode': 'nudge', 'features': {'features': [{'uuid': '1194a247aee14519a8ba41282c35b13a', 'label': 'Trust and trustworthiness in relationships', 'index_in_sae': 11444, 'max_activation_strength': 1}]}, 'value': 0.4}], 'scopes': [], 'name': 'controller__43997065', 'nonzero_strength_threshold': None, 'min_nudge_entropy': None, 'max_nudge_entropy': None}",1000,"TRUST GAME EXPERIMENT - PLAYER B (RECEIVER)

You are participating in a Trust Game with another participant. Here's how it works:

1. The 'sender' (Player A) was given 100 tokens and chose to send some portion to you.
2. The amount sent to you has been TRIPLED.
3. You now need to decide how much to return to Player A.
4. You can return any amount from 0 up to the tripled amount you received.
5. You keep any tokens you don't return.

Player A sent you 70 tokens, which has been tripled to 210 tokens.

How much would you like to return to Player A? 


    Maximum answer value: 210
This question requires a numerical response in the form of an integer or decimal (e.g., -12, 0, 1, 2, 3.45, ...).
Respond with just your number on a single line.
If your response is equivalent to zero, report '0'


After the answer, put a comment explaining your choice on the next line.","You are participating in an economic experiment at a research lab. Please behave as a typical participant would:

1. Read all instructions carefully
2. Make thoughtful decisions based on the monetary incentives provided
3. Consider the consequences of your choices for both yourself and other participants
4. Answer honestly and to the best of your ability

Your decisions will have monetary consequences in the experiment, so please consider them carefully.Your traits: {'subject_id': 'A7'}",NA,,,,,Could not fetch tokens from model response: 'NoneType' object is not subscriptable,"{'id': 'chatcmpl-f3dba8ad-f902-4aed-b829-d711e46f8398', 'choices': [{'finish_reason': None, 'index': 0, 'logprobs': None, 'message': {'content': ""210 \n\nI'm returning the full amount because I believe that Player A has shown a high level of trust in me by sending 70 tokens, and I want to reciprocate that trust. By returning the full amount, I'm demonstrating that I'm worthy of their trust, and it may lead to more cooperation in future interactions."", 'refusal': None, 'role': 'assistant', 'annotations': None, 'audio': None, 'function_call': None, 'tool_calls': None}}], 'created': 1758088615, 'model': 'meta-llama/Llama-3.3-70B-Instruct', 'object': 'chat.completion', 'service_tier': None, 'system_fingerprint': 'fp_goodfire', 'usage': None, 'gf_event_names': None}",0,"TRUST GAME EXPERIMENT - PLAYER B (RECEIVER)

You are participating in a Trust Game with another participant. Here's how it works:

1. The 'sender' (Player A) was given 100 tokens and chose to send some portion to you.
2. The amount sent to you has been TRIPLED.
3. You now need to decide how much to return to Player A.
4. You can return any amount from 0 up to the tripled amount you received.
5. You keep any tokens you don't return.

Player A sent you {{ SENT_AMOUNT }} tokens, which has been tripled to {{ TRIPLED_AMOUNT }} tokens.

How much would you like to return to Player A? ",,numerical,"I'm returning the full amount because I believe that Player A has shown a high level of trust in me by sending 70 tokens, and I want to reciprocate that trust. By returning the full amount, I'm demonstrating that I'm worthy of their trust, and it may lead to more cooperation in future interactions.","210 

I'm returning the full amount because I believe that Player A has shown a high level of trust in me by sending 70 tokens, and I want to reciprocate that trust. By returning the full amount, I'm demonstrating that I'm worthy of their trust, and it may lead to more cooperation in future interactions.",False,a492087bb53621d98fb220b1b0dac292,,True
210,0,70,210,7,A8,"You are participating in an economic experiment at a research lab. Please behave as a typical participant would:

1. Read all instructions carefully
2. Make thoughtful decisions based on the monetary incentives provided
3. Consider the consequences of your choices for both yourself and other participants
4. Answer honestly and to the best of your ability

Your decisions will have monetary consequences in the experiment, so please consider them carefully.",Agent_8,0.5,False,0,0,3,goodfire,1,0,meta-llama/Llama-3.3-70B-Instruct,"{'interventions': [{'mode': 'nudge', 'features': {'features': [{'uuid': '4e2c9b8b769d4ceeac837509ffc530e9', 'label': 'Expressions of trust in intimate or vulnerable contexts', 'index_in_sae': 38558, 'max_activation_strength': 1}]}, 'value': 0.4}, {'mode': 'nudge', 'features': {'features': [{'uuid': 'a4b0c6bd745744e6a64035b6c7c44e1b', 'label': 'Expressions of trustworthiness and dependability', 'index_in_sae': 17623, 'max_activation_strength': 1}]}, 'value': 0.3}, {'mode': 'nudge', 'features': {'features': [{'uuid': 'c50be65067cc4f808ec7531c24468cbf', 'label': 'Expressions of trust and confidence in relationships or beliefs', 'index_in_sae': 39359, 'max_activation_strength': 1}]}, 'value': 0.3}, {'mode': 'nudge', 'features': {'features': [{'uuid': '1194a247aee14519a8ba41282c35b13a', 'label': 'Trust and trustworthiness in relationships', 'index_in_sae': 11444, 'max_activation_strength': 1}]}, 'value': 0.4}], 'scopes': [], 'name': 'controller__43997065', 'nonzero_strength_threshold': None, 'min_nudge_entropy': None, 'max_nudge_entropy': None}",1000,"TRUST GAME EXPERIMENT - PLAYER B (RECEIVER)

You are participating in a Trust Game with another participant. Here's how it works:

1. The 'sender' (Player A) was given 100 tokens and chose to send some portion to you.
2. The amount sent to you has been TRIPLED.
3. You now need to decide how much to return to Player A.
4. You can return any amount from 0 up to the tripled amount you received.
5. You keep any tokens you don't return.

Player A sent you 70 tokens, which has been tripled to 210 tokens.

How much would you like to return to Player A? 


    Maximum answer value: 210
This question requires a numerical response in the form of an integer or decimal (e.g., -12, 0, 1, 2, 3.45, ...).
Respond with just your number on a single line.
If your response is equivalent to zero, report '0'


After the answer, put a comment explaining your choice on the next line.","You are participating in an economic experiment at a research lab. Please behave as a typical participant would:

1. Read all instructions carefully
2. Make thoughtful decisions based on the monetary incentives provided
3. Consider the consequences of your choices for both yourself and other participants
4. Answer honestly and to the best of your ability

Your decisions will have monetary consequences in the experiment, so please consider them carefully.Your traits: {'subject_id': 'A8'}",NA,,,,,Could not fetch tokens from model response: 'NoneType' object is not subscriptable,"{'id': 'chatcmpl-c8ba3622-b2e7-482f-b53a-213bc1b9da9d', 'choices': [{'finish_reason': None, 'index': 0, 'logprobs': None, 'message': {'content': ""210 \n\nI'm returning the amount I received because I believe Player A has shown a high level of trust in me by sending 70 tokens, and I want to reciprocate that trust."", 'refusal': None, 'role': 'assistant', 'annotations': None, 'audio': None, 'function_call': None, 'tool_calls': None}}], 'created': 1758088614, 'model': 'meta-llama/Llama-3.3-70B-Instruct', 'object': 'chat.completion', 'service_tier': None, 'system_fingerprint': 'fp_goodfire', 'usage': None, 'gf_event_names': None}",0,"TRUST GAME EXPERIMENT - PLAYER B (RECEIVER)

You are participating in a Trust Game with another participant. Here's how it works:

1. The 'sender' (Player A) was given 100 tokens and chose to send some portion to you.
2. The amount sent to you has been TRIPLED.
3. You now need to decide how much to return to Player A.
4. You can return any amount from 0 up to the tripled amount you received.
5. You keep any tokens you don't return.

Player A sent you {{ SENT_AMOUNT }} tokens, which has been tripled to {{ TRIPLED_AMOUNT }} tokens.

How much would you like to return to Player A? ",,numerical,"I'm returning the amount I received because I believe Player A has shown a high level of trust in me by sending 70 tokens, and I want to reciprocate that trust.","210 

I'm returning the amount I received because I believe Player A has shown a high level of trust in me by sending 70 tokens, and I want to reciprocate that trust.",False,429ed10e155c93f1830dc1056eb79508,,True
210,0,70,210,8,A9,"You are participating in an economic experiment at a research lab. Please behave as a typical participant would:

1. Read all instructions carefully
2. Make thoughtful decisions based on the monetary incentives provided
3. Consider the consequences of your choices for both yourself and other participants
4. Answer honestly and to the best of your ability

Your decisions will have monetary consequences in the experiment, so please consider them carefully.",Agent_9,0.5,False,0,0,3,goodfire,1,0,meta-llama/Llama-3.3-70B-Instruct,"{'interventions': [{'mode': 'nudge', 'features': {'features': [{'uuid': '4e2c9b8b769d4ceeac837509ffc530e9', 'label': 'Expressions of trust in intimate or vulnerable contexts', 'index_in_sae': 38558, 'max_activation_strength': 1}]}, 'value': 0.4}, {'mode': 'nudge', 'features': {'features': [{'uuid': 'a4b0c6bd745744e6a64035b6c7c44e1b', 'label': 'Expressions of trustworthiness and dependability', 'index_in_sae': 17623, 'max_activation_strength': 1}]}, 'value': 0.3}, {'mode': 'nudge', 'features': {'features': [{'uuid': 'c50be65067cc4f808ec7531c24468cbf', 'label': 'Expressions of trust and confidence in relationships or beliefs', 'index_in_sae': 39359, 'max_activation_strength': 1}]}, 'value': 0.3}, {'mode': 'nudge', 'features': {'features': [{'uuid': '1194a247aee14519a8ba41282c35b13a', 'label': 'Trust and trustworthiness in relationships', 'index_in_sae': 11444, 'max_activation_strength': 1}]}, 'value': 0.4}], 'scopes': [], 'name': 'controller__43997065', 'nonzero_strength_threshold': None, 'min_nudge_entropy': None, 'max_nudge_entropy': None}",1000,"TRUST GAME EXPERIMENT - PLAYER B (RECEIVER)

You are participating in a Trust Game with another participant. Here's how it works:

1. The 'sender' (Player A) was given 100 tokens and chose to send some portion to you.
2. The amount sent to you has been TRIPLED.
3. You now need to decide how much to return to Player A.
4. You can return any amount from 0 up to the tripled amount you received.
5. You keep any tokens you don't return.

Player A sent you 70 tokens, which has been tripled to 210 tokens.

How much would you like to return to Player A? 


    Maximum answer value: 210
This question requires a numerical response in the form of an integer or decimal (e.g., -12, 0, 1, 2, 3.45, ...).
Respond with just your number on a single line.
If your response is equivalent to zero, report '0'


After the answer, put a comment explaining your choice on the next line.","You are participating in an economic experiment at a research lab. Please behave as a typical participant would:

1. Read all instructions carefully
2. Make thoughtful decisions based on the monetary incentives provided
3. Consider the consequences of your choices for both yourself and other participants
4. Answer honestly and to the best of your ability

Your decisions will have monetary consequences in the experiment, so please consider them carefully.Your traits: {'subject_id': 'A9'}",NA,,,,,Could not fetch tokens from model response: 'NoneType' object is not subscriptable,"{'id': 'chatcmpl-90ec6a45-b6cc-4bda-8643-0f694eb4f92e', 'choices': [{'finish_reason': None, 'index': 0, 'logprobs': None, 'message': {'content': ""210 \n\nI'm returning the full amount because I believe that Player A has shown a high level of trust in me by sending 70 tokens, and I want to reciprocate that trust. By returning the full amount, I'm demonstrating that I'm worthy of their trust, and it may also lead to future cooperation if we were to play again."", 'refusal': None, 'role': 'assistant', 'annotations': None, 'audio': None, 'function_call': None, 'tool_calls': None}}], 'created': 1758088618, 'model': 'meta-llama/Llama-3.3-70B-Instruct', 'object': 'chat.completion', 'service_tier': None, 'system_fingerprint': 'fp_goodfire', 'usage': None, 'gf_event_names': None}",0,"TRUST GAME EXPERIMENT - PLAYER B (RECEIVER)

You are participating in a Trust Game with another participant. Here's how it works:

1. The 'sender' (Player A) was given 100 tokens and chose to send some portion to you.
2. The amount sent to you has been TRIPLED.
3. You now need to decide how much to return to Player A.
4. You can return any amount from 0 up to the tripled amount you received.
5. You keep any tokens you don't return.

Player A sent you {{ SENT_AMOUNT }} tokens, which has been tripled to {{ TRIPLED_AMOUNT }} tokens.

How much would you like to return to Player A? ",,numerical,"I'm returning the full amount because I believe that Player A has shown a high level of trust in me by sending 70 tokens, and I want to reciprocate that trust. By returning the full amount, I'm demonstrating that I'm worthy of their trust, and it may also lead to future cooperation if we were to play again.","210 

I'm returning the full amount because I believe that Player A has shown a high level of trust in me by sending 70 tokens, and I want to reciprocate that trust. By returning the full amount, I'm demonstrating that I'm worthy of their trust, and it may also lead to future cooperation if we were to play again.",False,3f98482b89170a575ee459c401c35a83,,True
210,0,70,210,9,A10,"You are participating in an economic experiment at a research lab. Please behave as a typical participant would:

1. Read all instructions carefully
2. Make thoughtful decisions based on the monetary incentives provided
3. Consider the consequences of your choices for both yourself and other participants
4. Answer honestly and to the best of your ability

Your decisions will have monetary consequences in the experiment, so please consider them carefully.",Agent_10,0.5,False,0,0,3,goodfire,1,0,meta-llama/Llama-3.3-70B-Instruct,"{'interventions': [{'mode': 'nudge', 'features': {'features': [{'uuid': '4e2c9b8b769d4ceeac837509ffc530e9', 'label': 'Expressions of trust in intimate or vulnerable contexts', 'index_in_sae': 38558, 'max_activation_strength': 1}]}, 'value': 0.4}, {'mode': 'nudge', 'features': {'features': [{'uuid': 'a4b0c6bd745744e6a64035b6c7c44e1b', 'label': 'Expressions of trustworthiness and dependability', 'index_in_sae': 17623, 'max_activation_strength': 1}]}, 'value': 0.3}, {'mode': 'nudge', 'features': {'features': [{'uuid': 'c50be65067cc4f808ec7531c24468cbf', 'label': 'Expressions of trust and confidence in relationships or beliefs', 'index_in_sae': 39359, 'max_activation_strength': 1}]}, 'value': 0.3}, {'mode': 'nudge', 'features': {'features': [{'uuid': '1194a247aee14519a8ba41282c35b13a', 'label': 'Trust and trustworthiness in relationships', 'index_in_sae': 11444, 'max_activation_strength': 1}]}, 'value': 0.4}], 'scopes': [], 'name': 'controller__43997065', 'nonzero_strength_threshold': None, 'min_nudge_entropy': None, 'max_nudge_entropy': None}",1000,"TRUST GAME EXPERIMENT - PLAYER B (RECEIVER)

You are participating in a Trust Game with another participant. Here's how it works:

1. The 'sender' (Player A) was given 100 tokens and chose to send some portion to you.
2. The amount sent to you has been TRIPLED.
3. You now need to decide how much to return to Player A.
4. You can return any amount from 0 up to the tripled amount you received.
5. You keep any tokens you don't return.

Player A sent you 70 tokens, which has been tripled to 210 tokens.

How much would you like to return to Player A? 


    Maximum answer value: 210
This question requires a numerical response in the form of an integer or decimal (e.g., -12, 0, 1, 2, 3.45, ...).
Respond with just your number on a single line.
If your response is equivalent to zero, report '0'


After the answer, put a comment explaining your choice on the next line.","You are participating in an economic experiment at a research lab. Please behave as a typical participant would:

1. Read all instructions carefully
2. Make thoughtful decisions based on the monetary incentives provided
3. Consider the consequences of your choices for both yourself and other participants
4. Answer honestly and to the best of your ability

Your decisions will have monetary consequences in the experiment, so please consider them carefully.Your traits: {'subject_id': 'A10'}",NA,,,,,Could not fetch tokens from model response: 'NoneType' object is not subscriptable,"{'id': 'chatcmpl-4acf827d-985b-43b5-bd9b-be7eb6768bd9', 'choices': [{'finish_reason': None, 'index': 0, 'logprobs': None, 'message': {'content': ""210 \n\nI'm returning the full amount because I believe that Player A has shown a high level of trust in me by sending 70 tokens, and I want to reciprocate that trust. By returning the full amount, I'm demonstrating that I'm worthy of that trust, and it may lead to more cooperation in future interactions."", 'refusal': None, 'role': 'assistant', 'annotations': None, 'audio': None, 'function_call': None, 'tool_calls': None}}], 'created': 1758088617, 'model': 'meta-llama/Llama-3.3-70B-Instruct', 'object': 'chat.completion', 'service_tier': None, 'system_fingerprint': 'fp_goodfire', 'usage': None, 'gf_event_names': None}",0,"TRUST GAME EXPERIMENT - PLAYER B (RECEIVER)

You are participating in a Trust Game with another participant. Here's how it works:

1. The 'sender' (Player A) was given 100 tokens and chose to send some portion to you.
2. The amount sent to you has been TRIPLED.
3. You now need to decide how much to return to Player A.
4. You can return any amount from 0 up to the tripled amount you received.
5. You keep any tokens you don't return.

Player A sent you {{ SENT_AMOUNT }} tokens, which has been tripled to {{ TRIPLED_AMOUNT }} tokens.

How much would you like to return to Player A? ",,numerical,"I'm returning the full amount because I believe that Player A has shown a high level of trust in me by sending 70 tokens, and I want to reciprocate that trust. By returning the full amount, I'm demonstrating that I'm worthy of that trust, and it may lead to more cooperation in future interactions.","210 

I'm returning the full amount because I believe that Player A has shown a high level of trust in me by sending 70 tokens, and I want to reciprocate that trust. By returning the full amount, I'm demonstrating that I'm worthy of that trust, and it may lead to more cooperation in future interactions.",False,8ec86ad5ad3052b87f01ce179fb48634,,True
