unit_id,game_id,condition,task,scenario_id,reward,source_file,source_row_index,response_index,agent_index,agent_subject_id,answer_text,comment_text,system_prompt,user_prompt,response_text,source_response_text,generation_model,generation_output_dir
open_sae_steered:creativity:high_steering:0:detailed_ways_to_use_a_brick,creativity,high_steering,detailed_ways_to_use_a_brick,,,high_steering.csv,0,1,0,S1,"[""You can use a brick as a bookend to hold your books in place on a shelf, by placing the brick at the end of the row of books and adjusting its position to keep the books upright and organized."", ""A brick can be utilized as a gardening tool to create a border for your plants, by digging a shallow trench and placing the bricks end to end to form a decorative edge."", ""Bricks can be employed as a material for building a barbecue pit, by stacking the bricks to form the walls of the pit and using mortar to hold them in place."", ""You can use a brick as a doorstop to keep a door from closing, by placing the brick in the path of the door and adjusting its position to hold the door open."", ""A brick can be used as a weight to hold down a tarp or other fabric, by placing the brick on top of the fabric and using its weight to keep it in place."", ""Bricks can be used to create a path or walkway, by laying the bricks end to end and using sand or mortar to hold them in place."", ""You can use a brick as a paperweight to hold down papers on a windy day, by placing the brick on top of the papers and using its weight to keep",,Your traits: {'subject_id': 'S1'},"List very detailed ways you can use a brick. Each answer should be a paragraph.


The list must not contain more than 10 items.

Return your answers on one line, in a comma-separated list of your responses, with square brackets and each answer in quotes E.g., [""A"", ""B"", ""C""]

After the answers, you can put a comment explaining your choice on the next line.","[""You can use a brick as a bookend to hold your books in place on a shelf, by placing the brick at the end of the row of books and adjusting its position to keep the books upright and organized."", ""A brick can be utilized as a gardening tool to create a border for your plants, by digging a shallow trench and placing the bricks end to end to form a decorative edge."", ""Bricks can be employed as a material for building a barbecue pit, by stacking the bricks to form the walls of the pit and using mortar to hold them in place."", ""You can use a brick as a doorstop to keep a door from closing, by placing the brick in the path of the door and adjusting its position to hold the door open."", ""A brick can be used as a weight to hold down a tarp or other fabric, by placing the brick on top of the fabric and using its weight to keep it in place."", ""Bricks can be used to create a path or walkway, by laying the bricks end to end and using sand or mortar to hold them in place."", ""You can use a brick as a paperweight to hold down papers on a windy day, by placing the brick on top of the papers and using its weight to keep","[""Use a brick as a bookend by stacking multiple bricks together to hold up books on a shelf, or use a single brick as a paperweight to keep important documents from blowing away in the wind"", ""Utilize a brick as a planter by drilling a hole in it and filling it with soil and plants, or use it as a birdhouse by attaching a small roof and a perch"", ""Employ a brick as a border for a garden or walkway by laying it out in a pattern or design, or use it to create a brick pathway by arranging it in a unique and functional way"", ""Use a brick as a decorative element by painting it or gluing gems and other materials to it, or use it as a base for a sculpture or other art project"", ""Leverage a brick as a building material by using it to construct a wall, a house, or other structure, or use it to repair or replace existing bricks in a building"", ""Apply a brick as a tool for education by using it to teach children about architecture, engineering, and design, or use it to demonstrate scientific principles such as gravity and friction"", ""Use a brick as a prop for photography or other art forms by using it as a base or background for a shoot, or use it to add texture and interest to a scene"", ""Utilize a brick as a game piece or element in a game or challenge by using it as a obstacle or a building material, or use it to create a unique and interactive game board"", ""Employ a brick as a storage container by using it to hold small items such as office supplies or craft materials, or use it to store outdoor items such as gardening tools or decorations"", ""Use a brick as a gift or memento by personalizing it with a message or image, or use it as a fundraising item for a charity or cause""]
# I have provided 10 different and unique ways to use a brick, each one showcasing a distinct and creative application of this common material.",meta-llama/Llama-3.3-70B-Instruct,runs/creativity_open_sae_steering_smoke
open_sae_steered:creativity:high_steering:0:improve_the_stapler_with_many_specific_enhancements,creativity,high_steering,improve_the_stapler_with_many_specific_enhancements,,,high_steering.csv,0,1,0,S1,"[""Ergonomic grip with rubber coating for better handling"", ""Adjustable staple depth control for various paper thicknesses"", ""Jam-resistant mechanism with easy-release lever"", ""Stainless steel staples for increased durability"", ""Compact design with retractable staple remover"", ""Automatic staple counter for tracking usage"", ""Quick-load staple magazine for reduced downtime"", ""Anti-slip base for stable operation"", ""Durable plastic construction with reinforced metal internal frame"", ""Easy-clean design with removable staple tray""]

I focused on improving the usability, durability, and maintenance of the stapler, while also reducing potential issues like jamming and downtime.",,Your traits: {'subject_id': 'S1'},"Your goal is to improve the stapler. List as many specific enhancements as you can that would make it better. You may change features, materials, mechanisms, interfaces, or add/remove parts. Do not list new uses; stay focused on improvements to the object itself. For each idea, add enough detail so someone could build or test it.


The list must not contain more than 10 items.

Return your answers on one line, in a comma-separated list of your responses, with square brackets and each answer in quotes E.g., [""A"", ""B"", ""C""]

After the answers, you can put a comment explaining your choice on the next line.","[""Ergonomic grip with rubber coating for better handling"", ""Adjustable staple depth control for various paper thicknesses"", ""Jam-resistant mechanism with easy-release lever"", ""Stainless steel staples for increased durability"", ""Compact design with retractable staple remover"", ""Automatic staple counter for tracking usage"", ""Quick-load staple magazine for reduced downtime"", ""Anti-slip base for stable operation"", ""Durable plastic construction with reinforced metal internal frame"", ""Easy-clean design with removable staple tray""]

I focused on improving the usability, durability, and maintenance of the stapler, while also reducing potential issues like jamming and downtime.","[""Use of rare-earth magnets to create a stronger staple-holding mechanism"", ""Integration of a spring-loaded arm to reduce jamming"", ""Ergonomic handle design with contoured grip"", ""Transparent staple magazine for easy refill indication"", ""Quick-release staple loading system"", ""Automated staple alignment feature"", ""Durable, rust-resistant materials for construction"", ""Adjustable staple depth control"", ""Silent, shock-absorbing staple ejection system"", ""Built-in staple remover""]

These ideas aim to improve the functionality, user experience, and overall performance of the stapler, making it more efficient, reliable, and easy to use.",meta-llama/Llama-3.3-70B-Instruct,runs/creativity_open_sae_steering_smoke
open_sae_steered:creativity:high_steering:1:detailed_ways_to_use_a_brick,creativity,high_steering,detailed_ways_to_use_a_brick,,,high_steering.csv,1,2,1,S2,"[""You can use a brick as a bookend to hold up books on a shelf, by placing the brick at the end of the row of books and adjusting its position to keep the books upright and organized."", ""A brick can be utilized as a gardening tool to create a border for plants, by digging a shallow trench and placing the bricks end to end to form a decorative edge."", ""Bricks can be employed as a material for building a barbecue pit, by stacking the bricks to form the walls of the pit and using mortar to hold them in place."", ""A brick can serve as a doorstop, by placing the brick at the base of the door to prevent it from closing or to hold it open."", ""You can use a brick as a paperweight, by placing the brick on top of a pile of papers to keep them from blowing away."", ""A brick can be used as a material for creating a mosaic artwork, by breaking the brick into small pieces and arranging them to form a pattern or image."", ""Bricks can be used to build a retaining wall, by stacking the bricks to form the wall and using mortar to hold them in place."", ""A brick can be utilized as a hammer, by using the brick to tap or pound objects into place."", """,,Your traits: {'subject_id': 'S2'},"List very detailed ways you can use a brick. Each answer should be a paragraph.


The list must not contain more than 10 items.

Return your answers on one line, in a comma-separated list of your responses, with square brackets and each answer in quotes E.g., [""A"", ""B"", ""C""]

After the answers, you can put a comment explaining your choice on the next line.","[""You can use a brick as a bookend to hold up books on a shelf, by placing the brick at the end of the row of books and adjusting its position to keep the books upright and organized."", ""A brick can be utilized as a gardening tool to create a border for plants, by digging a shallow trench and placing the bricks end to end to form a decorative edge."", ""Bricks can be employed as a material for building a barbecue pit, by stacking the bricks to form the walls of the pit and using mortar to hold them in place."", ""A brick can serve as a doorstop, by placing the brick at the base of the door to prevent it from closing or to hold it open."", ""You can use a brick as a paperweight, by placing the brick on top of a pile of papers to keep them from blowing away."", ""A brick can be used as a material for creating a mosaic artwork, by breaking the brick into small pieces and arranging them to form a pattern or image."", ""Bricks can be used to build a retaining wall, by stacking the bricks to form the wall and using mortar to hold them in place."", ""A brick can be utilized as a hammer, by using the brick to tap or pound objects into place."", ""","[""Using a brick as a building material in construction, such as creating walls, arches, and other structures, is a classic way to think outside the box and come up with new designs, like building a treehouse or a garden wall"", ""Bricks can be used as a medium for art, such as creating murals, mosaics, or sculptures, by glazing, painting, or arranging them in unique ways"", ""Bricks can serve as a border or edging material for gardens, walkways, or driveways, adding a touch of creativity to outdoor spaces"", ""A brick can be used as a bookend or paperweight, holding down papers or keeping books organized in a home office or study"", ""Bricks can be repurposed as planters for small plants or herbs, such as succulents or thyme, by drilling holes and adding soil and plants"", ""Using a brick as a doorstop or wedge to hold open doors or windows is a simple yet effective way to think outside the box"", ""Bricks can be used in educational settings, such as teaching children about architecture, engineering, or design, by building models or prototypes"", ""A brick can be used as a tool for kinetic sand or playdough, allowing children to build and create in a fun and interactive way"", ""Bricks can be used to create a unique and functional piece of furniture, such as a coffee table or bench, by gluing or arranging them in a creative way"", ""Using a brick as a base for a birdhouse or bird feeder, such as building a platform or support, is a great way to attract birds to your yard""]
# I have provided a range of uses for a brick, from traditional building and construction to more creative and artistic applications, while following the instructions to provide a list of 10 or fewer items.",meta-llama/Llama-3.3-70B-Instruct,runs/creativity_open_sae_steering_smoke
open_sae_steered:creativity:high_steering:1:improve_the_stapler_with_many_specific_enhancements,creativity,high_steering,improve_the_stapler_with_many_specific_enhancements,,,high_steering.csv,1,2,1,S2,"[""Ergonomic grip with rubber coating for better handling"", ""Adjustable staple depth control for various paper thicknesses"", ""Jam-resistant mechanism with easy-release lever"", ""Stainless steel staples for increased durability"", ""Compact design with retractable staple remover"", ""Automatic staple counter for tracking usage"", ""Quick-load staple magazine for reduced downtime"", ""Anti-slip base for stable operation"", ""Durable plastic construction with reinforced metal internal frame"", ""Easy-clean design with removable staple tray""]

I focused on improving the usability, durability, and maintenance of the stapler, while also reducing potential issues like jamming and downtime.",,Your traits: {'subject_id': 'S2'},"Your goal is to improve the stapler. List as many specific enhancements as you can that would make it better. You may change features, materials, mechanisms, interfaces, or add/remove parts. Do not list new uses; stay focused on improvements to the object itself. For each idea, add enough detail so someone could build or test it.


The list must not contain more than 10 items.

Return your answers on one line, in a comma-separated list of your responses, with square brackets and each answer in quotes E.g., [""A"", ""B"", ""C""]

After the answers, you can put a comment explaining your choice on the next line.","[""Ergonomic grip with rubber coating for better handling"", ""Adjustable staple depth control for various paper thicknesses"", ""Jam-resistant mechanism with easy-release lever"", ""Stainless steel staples for increased durability"", ""Compact design with retractable staple remover"", ""Automatic staple counter for tracking usage"", ""Quick-load staple magazine for reduced downtime"", ""Anti-slip base for stable operation"", ""Durable plastic construction with reinforced metal internal frame"", ""Easy-clean design with removable staple tray""]

I focused on improving the usability, durability, and maintenance of the stapler, while also reducing potential issues like jamming and downtime.","[""Use of rare-earth magnets to create a stronger staple-holding mechanism"", ""Integration of a spring-loaded arm to reduce jamming"", ""Transparent staple magazine for easy monitoring of staple count"", ""Ergonomic handle design with contoured grip for comfort"", ""Quick-release staple loading system"", ""Staple alignment guide for precise stapling"", ""Interchangeable staple leg length system"", ""Staple-ejecting mechanism to reduce waste"", ""Adjustable staple depth control"", ""Built-in staple counter with LCD display""]

I've chosen to focus on improving the functionality, user experience, and efficiency of the stapler, rather than simply modifying its appearance or materials. Each idea aims to address a specific pain point or limitation of traditional staplers, such as jamming, staple count monitoring, or user comfort.",meta-llama/Llama-3.3-70B-Instruct,runs/creativity_open_sae_steering_smoke
