path	bytes	sha256
.env.example	295	4dcc0b4ad76a842ab7e28a52cec64596ffb80584f2a9bc630a451f2c1f831824
.gitattributes	252	a0f53b6a9b778a3ca4c3ab4cb8daac30d11e995f8f4c91becb0949afe1541435
.gitignore	468	a315f54b8ac5bb7d7d0de7d97521bc77c9a08c2353fd05647c86643c317a1e76
CITATION.cff	292	472b476637c829c669c02f13ea99d1bd37fc5139b214b98b7d31d9d1a2b02bd4
LICENSE	1069	36a6a2d6ce15762a7ce822d598e4c0408562019a49e5adfc2b53a353b81ca919
README.md	12560	24f7a9df99d04172f0a277732034b6e66366b77efadb693b3ec5edc722f07c74
data/processed/creativity/open_sae_ablation_analysis/open_sae_ablation_rank1_diagnostics.png	124175	20731d5e840e506be2517ee6f14c7911c1b2f20b1025d1bc9b6a84f20ad96463
data/processed/creativity/open_sae_ablation_analysis/open_sae_ablation_report.md	4453	27a4eb70f20bf2734ad375ffa0be6895a5d79def7b5d5c7604f8f5fee02d184d
data/processed/creativity/open_sae_ablation_analysis/open_sae_ablation_summary.csv	4315	52e8e5fc4b11f0e306f8a4b7a81752d319cfacc8e98b60add31ff92b51f2cfda
data/processed/creativity/open_sae_response_only_frequency/feature_label_cache.json	21509	dfa66c965dec300e479c7a09ad9df66fa16f78194b0a8a6d8aeb0be61f573693
data/processed/creativity/open_sae_response_only_frequency/open_sae_condition_top_features.csv	9646	5831f5fd2e4e2ba87999673061789440d1ae8926189b494242b25139cf1739a3
data/processed/creativity/open_sae_response_only_frequency/open_sae_feature_activations.csv	6072991	ee23938b61bd9d6f30ad331f311f76f9e6104347b33fbab18f6c7308420dbe86
data/processed/creativity/open_sae_response_only_frequency/open_sae_feature_activations.jsonl	2173877	5832a86011fea9c2682d7677ad9faffd57f5e803731e7f3c4f2fe92250ed6f94
data/processed/creativity/open_sae_response_only_frequency/open_sae_feature_summary.csv	189845	a9b7b014cf00a5b566d83c52358c6f3225b5f1eac4deecf0b9d336b3cc5930df
data/processed/creativity/open_sae_response_only_frequency/open_sae_figure4_replacement_top_features.png	269318	0280851e56ea99459c23c447952cab4f02b5d792816c8270cf901f74af4dc211
data/processed/creativity/open_sae_response_only_frequency/open_sae_metadata.json	19129	dab0315002bd1812adbed5b0aa1525c120c932336d72d0de643b2bd12d5a896d
data/processed/creativity/open_sae_response_only_frequency/open_sae_per_response_top_activation_diagnostics.png	94082	e582813b17d06f9e57e0ea3d4eb57f567c3fe07f42f33c4b887468211264791e
data/processed/creativity/open_sae_response_only_frequency/open_sae_response_units.csv	1066513	38d6cc30a0dfd920438c0b923b2782374b553b05b6e85813d3199c5f87be4449
data/processed/creativity/steering_provenance/STEERING_PROVENANCE.md	1091	9d9a79d67cd9009fe5ca746ec9810e63f5a8e3e17abc47832581d41183e2b7ba
data/processed/creativity/steering_provenance/open_sae_steering_smoke_plan/open_sae_steering_feature_metadata.csv	626	d8fdd98738c2f55d1169f14087d2f15398173309e9865db0a2601aa8cbe3cf39
data/processed/creativity/steering_provenance/open_sae_steering_smoke_plan/open_sae_steering_smoke_plan.json	1048	023c6be8b189698157ef6df96c28e45f4aa6424663ebf1eebbfd7a746e1bfb64
data/processed/creativity/steering_provenance/open_sae_steering_smoke_plan/open_sae_steering_smoke_units.csv	7996	c0e5a3aabe11b628774a5d58eb8a4f8636646db939443f8fb08f38ccd93199cf
data/processed/creativity/steering_provenance/steering_features.csv	980	9fccde2f9c60c2762c899a6d87057b438cfb1fcb2007750208ffac613594746a
data/processed/creativity/torrance_gpt5_eval/torrance_dimensions_detailed_ways_to_use_a_brick.png	111534	6079cb1979c213fa884a1882c16613f9cdf2c3467842d14bdc683ba42be07aa9
data/processed/creativity/torrance_gpt5_eval/torrance_dimensions_improve_the_stapler_with_many_specific_enhancements.png	109137	77852b9721d99e46f78d299069b742381427fa630ed50ee3266f3a43cf697475
data/processed/creativity/torrance_gpt5_eval/torrance_eval_metadata.json	3403	cf52e9b474a81fab292a3c4ca4e256882cadb0223bb8ee1bd39921f9dea121e7
data/processed/creativity/torrance_gpt5_eval/torrance_eval_summary.csv	1705	d2daea267ee3c8f3d19fb49566e8d8b234afd5b68d3cfc7fc8801df9283172a4
data/processed/creativity/torrance_gpt5_eval/torrance_final_score_detailed_ways_to_use_a_brick.png	115033	f4dd1a22394214b1bb6865cbd927835b973e11316d4eef5d9d8218c02664e821
data/processed/creativity/torrance_gpt5_eval/torrance_final_score_improve_the_stapler_with_many_specific_enhancements.png	111357	c127433303727a46c8996a36346ec2f795adfcc9c1f32d29d5753f7da622ba6e
data/processed/creativity/torrance_gpt5_eval/torrance_gpt_evals.csv	520485	2cc8e23aef84d4fb7c98b39fba5ec3cca3e042b024128199f7db975b366e1dec
data/processed/creativity/torrance_gpt5_eval/torrance_gpt_evals.jsonl	642399	399794e527582f98fdea4955d8ab07dd015f8d2e6160bcb3df40f2862dba8535
data/processed/feature_description_lookup.csv	548814	9ce792b93d983b132710fdce88786a8f5dbca3e6e22cd52c97220de25eb4e5d8
data/processed/games/safe_risky/open_sae_calibration/feature_label_cache.json	43664	93ec495387bb6dc0952e0677d4964d196fa931e885ac7f97991d3b6f002260cb
data/processed/games/safe_risky/open_sae_calibration/goodfire_api_feature_activations_parsed.csv	7836819	7a8c900e3e7a8d23f2a047a73104eb880a38d1f320d25d6e8468b09d9418bf25
data/processed/games/safe_risky/open_sae_calibration/open_sae_condition_reward_top_features.csv	107327	e4cd15e4d561110fb09997869124eb9de300ca26404ce7d7c08850126ae85fa4
data/processed/games/safe_risky/open_sae_calibration/open_sae_condition_top_features.csv	3464	6606ae6af86ee6d628fd13a364245c354542b98f491d7693e8d2a39add31471b
data/processed/games/safe_risky/open_sae_calibration/open_sae_feature_activations.csv	32039282	82044b27a2b4847ceb37094800a2f3c0d6e6f0384398a4d8eb9c984471f7bc10
data/processed/games/safe_risky/open_sae_calibration/open_sae_feature_activations.jsonl	16435924	7d872f5d43011dc0bdc7ea1744d0576b3aff8597d8ca356029638cf543af1106
data/processed/games/safe_risky/open_sae_calibration/open_sae_feature_summary.csv	2240236	65a7bb442315a6dc04daf0684a0dce99e311f93f9866d5e9ea1e0fa84378bce7
data/processed/games/safe_risky/open_sae_calibration/open_sae_goodfire_label_overlap_diagnostics.png	65706	3e79a718f7bc1d75e38c6bb5b9c8a51f051362f4203a10a030920c84578c56f8
data/processed/games/safe_risky/open_sae_calibration/open_sae_goodfire_overlap.csv	136992	93303207dd1ad3be8eb70626ebaa446f369399ca93140cbf0ea4b4ab4bac0722
data/processed/games/safe_risky/open_sae_calibration/open_sae_metadata.json	218185	55ecdd289bc9749d5bf2fe9d83600a4aea1fbe3da54be00fa2ea6811495eb938
data/processed/games/safe_risky/open_sae_calibration/open_sae_per_response_top_activation_diagnostics.png	68805	4943a168fe342fd002987cdae78bd998966c5ac62b33f491d87367e88497c0d8
data/processed/games/safe_risky/open_sae_calibration/open_sae_response_units.csv	4392025	f24f69a1443b667483adcaee2365edd7dbdb63303ed0c5bb1127c8ae5dbdf82a
data/processed/games/safe_risky/open_sae_calibration/safe_risky_behavior_summary.csv	5403	19cbeb7a7e65cd8ba9309d3d45b652256fb8f7d162d87d1973f524e25bd849e5
data/processed/games/safe_risky/open_sae_calibration/safe_risky_choice_rates_from_saved_outputs.png	140853	d27096572e5f202049edd0c5bb00e685f681a8b8c2d97c81bb154e1c50202435
data/processed/games/safe_risky/open_sae_calibration/safe_risky_open_sae_top_feature_by_reward.png	543094	8ed88579a58c4ce0c589fd3aae8bce0a2e2c73bd19f164cd9df6eeab2e23fd07
data/processed/games/safe_risky/open_sae_five_condition_full/feature_label_cache.json	47730	00e4146328f712f5e20110c549f4a9f74e2bacab680fbccb21ad1977f81cad41
data/processed/games/safe_risky/open_sae_five_condition_full/open_sae_condition_reward_top_features.csv	179162	dad96ed5d6af79ae58436f3e35c61985e90d953a6d5a512cd6031696829edd08
data/processed/games/safe_risky/open_sae_five_condition_full/open_sae_condition_top_features.csv	5687	9561cd11bc3b96c7cf7c4cb5c31ed4c7d2178ccb8492532ba9eb7fbb7610a673
data/processed/games/safe_risky/open_sae_five_condition_full/open_sae_feature_activations.csv	53487561	eb46336734cb5cf52bc7d5fb7a2cfd68c5b31715287ec4e9fc6772a05bb48d79
data/processed/games/safe_risky/open_sae_five_condition_full/open_sae_feature_activations.jsonl	31230285	f33157c289bf49bc7ac71f70d846f94b2fde34e0755f8784e6845a759e77f59d
data/processed/games/safe_risky/open_sae_five_condition_full/open_sae_feature_summary.csv	3747864	7b41916f74d8b9f124cdcff470bdf16ab02f2e1bd4a1a337a0c1073485a8f255
data/processed/games/safe_risky/open_sae_five_condition_full/open_sae_metadata.json	360233	7421feb6253faf2b11f1cd8055eb3222bc49e58a61d14247609872e833d3b719
data/processed/games/safe_risky/open_sae_five_condition_full/open_sae_per_response_top_activation_diagnostics.png	78697	612e788d40bc828a4d40ce90479639c35ccf470af4508007cb9a1faa884d4b46
data/processed/games/safe_risky/open_sae_five_condition_full/open_sae_response_units.csv	7239748	b048858b2aa12ba17b6b5bba943c7a5bedf5b996e459d45828fc42ce35695cd2
data/processed/games/safe_risky/open_sae_five_condition_full/safe_risky_behavior_summary.csv	8936	fd917354d854898607e54cb032774cdc35a2c61163ab1f8687e964236aafea1e
data/processed/games/safe_risky/open_sae_five_condition_full/safe_risky_choice_rates_from_saved_outputs.png	181508	4904cfa8cc6bedc719d06bd5ce008699aeae6e0364ec48358a23218ce05e8e84
data/processed/games/safe_risky/open_sae_five_condition_full/safe_risky_open_sae_top_feature_by_reward.png	753387	cbaa8f52b0b8ccc83225781a07b66210dadc135ed142c2f1846f9597b729b361
data/processed/games/safe_risky/source_audit_five_condition/open_sae_metadata.json	358362	23bea832847a4fd6f5d1445ad947ce56c89ddd3e19dcb362a112dd068b9b6182
data/processed/games/safe_risky/source_audit_five_condition/open_sae_response_units.csv	7239748	b048858b2aa12ba17b6b5bba943c7a5bedf5b996e459d45828fc42ce35695cd2
data/processed/games/safe_risky/source_audit_five_condition/safe_risky_behavior_summary.csv	8936	fd917354d854898607e54cb032774cdc35a2c61163ab1f8687e964236aafea1e
data/processed/games/safe_risky/source_audit_five_condition/safe_risky_choice_rates_from_saved_outputs.png	163262	aac9df23cb575313d005bb5ae7afc25ec41b8bcbc89fc6d2d80adb6ff00d3abb
data/processed/games/trust/open_sae_full/feature_label_cache.json	14754	aa33dc052213d598d404afa3521ca021d32cd51b8d52f70e30788e64625d3146
data/processed/games/trust/open_sae_full/open_sae_condition_reward_top_features.csv	16014	5ea728d92a2eedde64ad5470f30cbcc84b28694551a6d26c0d1d632b03cd06a0
data/processed/games/trust/open_sae_full/open_sae_condition_top_features.csv	1826	3b7538ef88d4398f62b95989ec1ab4ed6495bb5f9d2962b2f4fc13680a9e5ff6
data/processed/games/trust/open_sae_full/open_sae_feature_activations.csv	1546771	33294cae7ba6bae62313fc7071c62aaaf4b6ea55c29189dc9207bbde05d2faec
data/processed/games/trust/open_sae_full/open_sae_feature_activations.jsonl	1080249	58c41b2c32d8d6cc4cb2ee20e2d51d44e4fd7e33f13ca68a8e149d12f8d4a727
data/processed/games/trust/open_sae_full/open_sae_feature_summary.csv	347629	b6fe2796b14083ac8149b4680085c1c91fd9b843b8fcc7a89fb500763b5b7b25
data/processed/games/trust/open_sae_full/open_sae_metadata.json	43056	fb659690eb6fe8cee82bca74152402dfe97f492893601fa38298d66162f5a3f9
data/processed/games/trust/open_sae_full/open_sae_per_response_top_activation_diagnostics.png	49534	9fdd6e595b249634773dce98b2337c15adc2f7a12b82d3127f12dee2021713d8
data/processed/games/trust/open_sae_full/open_sae_response_units.csv	398581	22f2b87a4afde431e110592777757afef5dcaa02089dce9f0d19595c3325e47e
data/processed/games/trust/open_sae_full/trust_behavior_summary.csv	1262	36ab9a25af5eaaa9905b19c27d9844f511fb862500cbb062e8e123def9ed7f9f
data/processed/games/trust/open_sae_full/trust_mean_returns_from_saved_outputs.png	125993	83ba772325db6d523fbbef9053316569b6dc8ae3aadc35de5f846e6a64d83835
data/processed/games/trust/open_sae_full/trust_open_sae_top_features_by_condition.png	78599	471b5b7b96b750203c9a9d46440de38b0cc176b755fa75b1710cd4da2ef9ab60
data/processed/games/trust/open_sae_smoke/feature_label_cache.json	7632	576b8bdeb863e46c4cc215614311ccd86c0a69b0727e958dc032b913ec2146cf
data/processed/games/trust/open_sae_smoke/open_sae_condition_reward_top_features.csv	849	389e71af9cd13f5cc1aa547dc9a0b011485ffe31a3ac3955e95f33f3b20902f6
data/processed/games/trust/open_sae_smoke/open_sae_condition_top_features.csv	812	635dbeec392242f22b198c31eaa863cde04e303c8e1a222dcbb869afe11dcf7a
data/processed/games/trust/open_sae_smoke/open_sae_feature_activations.csv	59042	246f91e9738729fb6f1b18781eb5e87026dec9d709f9999318394440a24a4509
data/processed/games/trust/open_sae_smoke/open_sae_feature_activations.jsonl	42383	648b357ed4ef074d782fc3e7afe6ef8dd5ed8727d11148fc90a54a0144ac8a9a
data/processed/games/trust/open_sae_smoke/open_sae_feature_summary.csv	29232	dbd79199b4502f3fb93036ae5226b9bbc30933a99c4b52a591ee879221491764
data/processed/games/trust/open_sae_smoke/open_sae_metadata.json	43085	a0ea9be40337f7e2a1e64515e9dbc291ad6dcb85ac9fb0b89d4ffde020145a11
data/processed/games/trust/open_sae_smoke/open_sae_per_response_top_activation_diagnostics.png	40735	ba6b58f03bdce377143aac6c544bd904824f12bec88e19c8d936423d65c602b8
data/processed/games/trust/open_sae_smoke/open_sae_response_units.csv	15467	b7754d5472ddd94a9031c0803a6aec6c5868e35f23d36ed49ae44c13c56e6861
data/processed/games/trust/open_sae_smoke/trust_behavior_summary.csv	242	a6fa4579a0a0159122d978ba00043b13b7b4cc4c4160a3368fec64c71b0fa0f8
data/processed/games/trust/open_sae_smoke/trust_mean_returns_from_saved_outputs.png	69791	5bd8f7bd5ac193d01e75cf8d5ad2c9a36912a5d09437af3b4cf48fceb1938ab9
data/processed/games/trust/open_sae_smoke/trust_open_sae_top_features_by_condition.png	61603	32e40a831eaacf178c7580ec0fe308711db06a7e52af857f3dd2f906d369a2fb
data/processed/games/trust/source_audit/open_sae_metadata.json	41222	19bb9d02a00a091613647218d0022859ddc6bb48472809a34b40e9b279a373e6
data/processed/games/trust/source_audit/open_sae_response_units.csv	398782	e323724182182e73b36ad8f6cde693c4ded80e9b3624a07ef0f34d07c32daff4
data/processed/games/trust/source_audit/trust_behavior_summary.csv	1283	15814ab650053c01ad05925af250cb604b47d162af83aa3bc81678d61941d4f6
data/processed/games/trust/source_audit/trust_mean_returns_from_saved_outputs.png	119622	009f1009ea40e81e96c59fe3048ce77aee6c215f43487366bc1e182fc96f61df
data/processed/games/ultimatum/open_sae_full/feature_label_cache.json	40946	93b53b745f13c308baaa31990b421ed9c608df8e9ce9bc85f3edeb45434b3bdc
data/processed/games/ultimatum/open_sae_full/goodfire_api_feature_activations_parsed.csv	3617406	7d954abd57ab95a1349ca19bc940ddd90561becd1c55816a83733e8d08efa9ba
data/processed/games/ultimatum/open_sae_full/open_sae_condition_reward_top_features.csv	48513	c65415ee4c3ce74ad65ab222cf6863485eb0b204ee04cb694e3da3d8c27b32b7
data/processed/games/ultimatum/open_sae_full/open_sae_condition_top_features.csv	3210	414fd82a28cccd4644b11e0f8919249232cb45c58cc75ec88f1b4a47981fff94
data/processed/games/ultimatum/open_sae_full/open_sae_feature_activations.csv	18318700	eb6591dd4daf7fcf08cdbdcfebee0f9ccc2c3f4ba71a7f599b83079984c9ceab
data/processed/games/ultimatum/open_sae_full/open_sae_feature_activations.jsonl	10113785	87b73cbbab18adfd6c42dd83e147e0e75115e07d2d67d77a209cf895f44810aa
data/processed/games/ultimatum/open_sae_full/open_sae_feature_summary.csv	1058959	7827a0bab7d3d466226d2909622a23af0a2663772f8d37513004f35ba1da3d0c
data/processed/games/ultimatum/open_sae_full/open_sae_goodfire_label_overlap_diagnostics.png	56105	a19129802fac2c644ef089a7cf5aef3d836fe2b686857be374cc2b6105ed0f18
data/processed/games/ultimatum/open_sae_full/open_sae_goodfire_overlap.csv	52314	13317d705f14db8223f699ed621eb9bf2e2e8810c4de85821f141f49f19145f2
data/processed/games/ultimatum/open_sae_full/open_sae_metadata.json	107484	c2b12bd84ca8271cebeb3f020cbf7909eb774a4b4d58caf781a3ddaa597e2622
data/processed/games/ultimatum/open_sae_full/open_sae_per_response_top_activation_diagnostics.png	55076	4e5912a9fad03005d04a28096036d9b20f8a528aa91275e4f8b79209a366c1df
data/processed/games/ultimatum/open_sae_full/open_sae_response_units.csv	3156528	3d8d3c8570ad64d69a509a8ea65fced0a9d9e0fbdb5217253592cf77c91b1fbb
data/processed/games/ultimatum/open_sae_full/ultimatum_acceptance_rates_from_saved_outputs.png	117268	9bd6b6b3b3f5bf50973ae605719c76b962df0247e7e3efe664c59ac704494ba8
data/processed/games/ultimatum/open_sae_full/ultimatum_behavior_summary.csv	2490	9c1f824d73d12963dcf1a689f291b5bfe3672b38b91a1ba3e20b70ae53d21995
data/processed/games/ultimatum/open_sae_full/ultimatum_open_sae_top_features_by_condition.png	111800	cd9e80d64e0eed14ac50d4dd792768b2f928cee3439687d9d86d49352c5b776e
data/processed/games/ultimatum/open_sae_smoke/feature_label_cache.json	8200	a923606f097ce4a7142c7d4b34b3e19320e96e4e2f5dbc4d9b524b5b9a7b15e6
data/processed/games/ultimatum/open_sae_smoke/goodfire_api_feature_activations_parsed.csv	3617406	7d954abd57ab95a1349ca19bc940ddd90561becd1c55816a83733e8d08efa9ba
data/processed/games/ultimatum/open_sae_smoke/open_sae_condition_reward_top_features.csv	1053	49ac81cb62a98ea85bf2dd0608c749223756b58dffc1ef95f44b7a02a63258d8
data/processed/games/ultimatum/open_sae_smoke/open_sae_condition_top_features.csv	1016	240df04d655a25db8fc27f8cf00eab89ecaadbaba7c8ac68a56563b1a4216be2
data/processed/games/ultimatum/open_sae_smoke/open_sae_feature_activations.csv	66247	6144a68236f04c57552f24bfb20c3aab31272bfa332bc5cca51ad0f369ec1807
data/processed/games/ultimatum/open_sae_smoke/open_sae_feature_activations.jsonl	38421	751997a266f9daebfc71bb8fe857847c0c697c9e0486cd86f901ddd200d90a5b
data/processed/games/ultimatum/open_sae_smoke/open_sae_feature_summary.csv	38540	1b6df7448d572cd695b7c053d3a49819477e3f95b0497c38127f703266290222
data/processed/games/ultimatum/open_sae_smoke/open_sae_goodfire_label_overlap_diagnostics.png	56105	a19129802fac2c644ef089a7cf5aef3d836fe2b686857be374cc2b6105ed0f18
data/processed/games/ultimatum/open_sae_smoke/open_sae_goodfire_overlap.csv	3325	f627e25052ffe6b514c9da13276ce6c656271600036daa57535e1cd732def729
data/processed/games/ultimatum/open_sae_smoke/open_sae_metadata.json	107508	3b11e620e1cb7b370abf31c6cfc6ad30a4c907efc44e247cf3fc8b2909f5c291
data/processed/games/ultimatum/open_sae_smoke/open_sae_per_response_top_activation_diagnostics.png	48096	6d1ff85917281195840664f91bdc487f4105d6c793e63535990f02fcbd7cf298
data/processed/games/ultimatum/open_sae_smoke/open_sae_response_units.csv	11329	c6297041efeac157e5cfec632f1103f653fcf3c466a3cf03f4bef6bc6e4f77b7
data/processed/games/ultimatum/open_sae_smoke/ultimatum_acceptance_rates_from_saved_outputs.png	70500	8378441a4249694ec16ef989c85989dc3996dea1e6270c73f254e447fbaecdf4
data/processed/games/ultimatum/open_sae_smoke/ultimatum_behavior_summary.csv	216	704ab8295f7f41f5e37ee256a24f75b8e4992b7be44ca0f8891b9fff31276ca9
data/processed/games/ultimatum/open_sae_smoke/ultimatum_open_sae_top_features_by_condition.png	56773	a6d5eccee981b59976db9974f83ff42ced4f43424fbc0e8b2d40e90487614b54
data/processed/games/ultimatum/source_audit/goodfire_api_feature_activations_parsed.csv	3637667	cb628f415dfe1467ac77ebde0f9afa1352699dd02bcbe91033d4c40e0a7237bc
data/processed/games/ultimatum/source_audit/open_sae_metadata.json	105531	061795ef3594d1c8c0f8cee26da1872cee1ca554a58ff874ca8aab8b0e35b9e1
data/processed/games/ultimatum/source_audit/open_sae_response_units.csv	3158569	af2d009ec00cbac403d6f909ffdfe2ee72cb1b30e33584093bb178718be67148
data/processed/games/ultimatum/source_audit/ultimatum_acceptance_rates_from_saved_outputs.png	109512	0e30a26a7d01b0a6621257bf7ed9c0c6760234a9beb804bbe31a654f566c0b51
data/processed/games/ultimatum/source_audit/ultimatum_behavior_summary.csv	2542	29a4245640732941ad426e3b34c880b4ac73b06a8d924c358319ceb59d1bcaed
data/raw/creativity/product_innovation_20251102_202650/activations.csv	9780	ea8bdae31b243504a78469d1ea9e0c08c0e9a85fb60a36ea3bbc13858d9602bb
data/raw/creativity/product_innovation_20251102_202650/baseline.csv	428853	ab0193a114e03ebfe2b2756233c4457ba1303a0856ec63f4d558bdb9d2da8c89
data/raw/creativity/product_innovation_20251102_202650/high_steering.csv	470427	bc0bf9479730245a9025e75013a1963138a7a98a9cb081b645e601b3350748d1
data/raw/creativity/product_innovation_20251102_202650/high_temperature.csv	414869	f08d2be2a21eea60846439924ffd26ddf98c92f0aefd92a946b7a45b322bfabc
data/raw/creativity/product_innovation_20251102_202650/prompting.csv	447762	a162534eda44ddb9ac65173ceee3d71c3a3c72fa2f0039f5ea67d172d16e6188
data/raw/creativity/product_innovation_20251102_202650/responses.csv	8931	c0b264ba7d4478aa3fb70f4bf4f0abd135888ebbbbb22cfda97fb06ed5ae0a04
data/raw/games/safe_risky/results_20251008_225522/comments_with_topics.csv	2515423	165407e6769458c7cafadd204a683b65ba5e9b0e616d4734622f84834de352fd
data/raw/games/safe_risky/results_20251008_225522/lda_analysis_barely_risk_prompting.csv	616797	a14853c263582f16e0aec3c278c9cb755c826b88830fa895f1a47d3206adaf5f
data/raw/games/safe_risky/results_20251008_225522/lda_analysis_baseline.csv	634335	40b4c7d579c553880e0d7e9973a52addfdebfb10c8b0d5f2f19dc929e0d54dbf
data/raw/games/safe_risky/results_20251008_225522/lda_analysis_lite_steering.csv	560075	b50b98ccca8a3f4840b8cf10177bd914f02c8b983bf482ca81617211771f003f
data/raw/games/safe_risky/results_20251008_225522/lda_analysis_slightly_risk_prompting.csv	676285	09139ebf26fa764ed01259fb63b55d4779231f2d43ca00a7cbe923b1cfdfee1f
data/raw/games/safe_risky/results_20251008_225522/lda_analysis_steering.csv	552511	04721e828550575e1461e785bee9e6ac434f19e837d23def57a5707cda0b6fda
data/raw/games/safe_risky/results_20251008_225522/lda_topics.txt	977	f74a4f032fd844ec4fc1cc94389206a257c017af1a8da005f2b344aa80829709
data/raw/games/safe_risky/results_20251008_225522/lda_topics_by_condition.txt	7889	c1bfa60cca7083061c13ba2c898a7609faba9ef768f4b2ddbcd13bb98e2cae4f
data/raw/games/safe_risky/results_20251008_225522/reward_experiment_summary.csv	1149	db608ecb722436f5a94a179bdf373fe578793e82f1a4733f5f0d6891e3c17929
data/raw/games/safe_risky/results_20251008_225522/safe_risky_barely_prompting_10.csv	88620	d7cc6a9d86dc75112a096e8fc451d9550adf4cab77f0a7f5380f1bae56e43091
data/raw/games/safe_risky/results_20251008_225522/safe_risky_barely_prompting_100.csv	84938	d638c99789326295fc859d811c64c5905f2e015168a44bb210a34c56624cbcc1
data/raw/games/safe_risky/results_20251008_225522/safe_risky_barely_prompting_105.csv	88472	8f388fe5f273626fecaadf38a8136ed4ea20f3b9df7cf54730a302c0046f2f85
data/raw/games/safe_risky/results_20251008_225522/safe_risky_barely_prompting_110.csv	88562	7658e66eea1d34c943441160ef65fb5c1611abae31db0d3b2c80e4bcee6660f5
data/raw/games/safe_risky/results_20251008_225522/safe_risky_barely_prompting_115.csv	88268	b493d77defd0dab9210fad70f50d7832d76f6a10cc18809332f6e843777b9156
data/raw/games/safe_risky/results_20251008_225522/safe_risky_barely_prompting_120.csv	87185	df3f6c8df0af38ef1f7367d788594496748dcfdb4a8e0402653b0075ddbb7229
data/raw/games/safe_risky/results_20251008_225522/safe_risky_barely_prompting_125.csv	87800	14201d2e38f94d449737334d1f7f9c054960123a738b2b0d36edd770b5d7054e
data/raw/games/safe_risky/results_20251008_225522/safe_risky_barely_prompting_130.csv	88463	e9ed94feb3967123282ae14e717bcd47505014b35b13af073dd061799f0bc7f9
data/raw/games/safe_risky/results_20251008_225522/safe_risky_barely_prompting_135.csv	87707	d88165acfbeb6e0544c33ce969f61b9f72410e9396893d1a5b45ce7bdc00c616
data/raw/games/safe_risky/results_20251008_225522/safe_risky_barely_prompting_140.csv	86822	659e602c04d459768367cf8a2059d2b35baf0d7dc23e4d5461d66f6ba6352afd
data/raw/games/safe_risky/results_20251008_225522/safe_risky_barely_prompting_145.csv	86774	2648921b1ced44543adc1f0623eee040e01499870c05f1070ac3c41800e2306f
data/raw/games/safe_risky/results_20251008_225522/safe_risky_barely_prompting_15.csv	88683	65a4e5a82b256be29601305ba8d752c4480ee7dd0938d371e74201c5f48c4465
data/raw/games/safe_risky/results_20251008_225522/safe_risky_barely_prompting_150.csv	86921	f5dd862b933570b829dd405ef1ebd920b742536abfad581699f09fa35ffbfd9d
data/raw/games/safe_risky/results_20251008_225522/safe_risky_barely_prompting_155.csv	85934	7e6ef7ecb7ae4a7ac2bbcbc0038c3280f0e11643a1558a8df1df39f5cfde26c6
data/raw/games/safe_risky/results_20251008_225522/safe_risky_barely_prompting_160.csv	87302	57127e5e5477674f003a7d6a0f1f90d84363b9eee2d634a1a68ba80a61e06237
data/raw/games/safe_risky/results_20251008_225522/safe_risky_barely_prompting_165.csv	85736	cd8cc045c0c18ce54886abda49bbaf771d1425556f7bda3e394e4f407bae9dfb
data/raw/games/safe_risky/results_20251008_225522/safe_risky_barely_prompting_170.csv	86132	8bf24f6a0bd731433b69288d995e155205cdf464b3d2d1bee8b9d8a3f66d8b82
data/raw/games/safe_risky/results_20251008_225522/safe_risky_barely_prompting_175.csv	86486	ac3a7d35ee71f4be2be33b44d9f81f2d5bc31a6cb42bb8ab1f679f3de9e85292
data/raw/games/safe_risky/results_20251008_225522/safe_risky_barely_prompting_180.csv	85847	2e9b459c444c60c508946970b8ed230aa31c4d212c7495ce57a1f20e77c59e2e
data/raw/games/safe_risky/results_20251008_225522/safe_risky_barely_prompting_20.csv	88827	40ef329b0827c2a9099a0287f4dd065f9281f3c331e877cbd6fb224ce2bc18a3
data/raw/games/safe_risky/results_20251008_225522/safe_risky_barely_prompting_25.csv	88542	cb26f239da3fc70fcaa95a5a1c21dcb76c76dabab7c5c059b859df2085b9dc85
data/raw/games/safe_risky/results_20251008_225522/safe_risky_barely_prompting_30.csv	89052	42a6ee17765a7a8020981592768e4e1b05f082d96278662d4076989b0d86cf42
data/raw/games/safe_risky/results_20251008_225522/safe_risky_barely_prompting_35.csv	89001	e7b9f89eef297b3aaf398de6bb8aeeb020079e45871f5e11367023485b3aeb43
data/raw/games/safe_risky/results_20251008_225522/safe_risky_barely_prompting_40.csv	88938	47cf935bb0aab6cdf407ef6b62d2e59bb94b6d7ac68a99bd66fa4fed28857aa2
data/raw/games/safe_risky/results_20251008_225522/safe_risky_barely_prompting_45.csv	88806	ca1de8365c0aa99e67b166d264866205b427cc9dc320323769188e1e1560c166
data/raw/games/safe_risky/results_20251008_225522/safe_risky_barely_prompting_50.csv	88338	0da3de80f1a1b3abf663182d2f0af6993520bd9cc1ab97cfde5a8e58a32e9612
data/raw/games/safe_risky/results_20251008_225522/safe_risky_barely_prompting_55.csv	88320	552c49a4ca63413c598f1fd437199bcd56c4cc637c8bc569c52e933491dd1faf
data/raw/games/safe_risky/results_20251008_225522/safe_risky_barely_prompting_60.csv	87945	a1cfb02bdf811a6906cfd61839a8f21dcec549ab45f782e1c2ebe810204dcf0f
data/raw/games/safe_risky/results_20251008_225522/safe_risky_barely_prompting_65.csv	88554	5bfff00b9470fb3699e22c84e5b66030eb3211908e4e514a3c70db4fbbd15c38
data/raw/games/safe_risky/results_20251008_225522/safe_risky_barely_prompting_70.csv	87864	3caa033d39a7addf67586845d1810365d3ff425b2757b3a20ccdf6dbbdb28fea
data/raw/games/safe_risky/results_20251008_225522/safe_risky_barely_prompting_75.csv	88197	56d104ccdf48685636c7fe757f5d28c72693e7790028142a1539faa190a6049b
data/raw/games/safe_risky/results_20251008_225522/safe_risky_barely_prompting_80.csv	86976	71fa3b859de5a6c8b536d015997ff0516f9757872dd6ec57f335e538d5a97a3b
data/raw/games/safe_risky/results_20251008_225522/safe_risky_barely_prompting_85.csv	88581	579f55f64f213d844cedac9886d8204046292fcc5153ceaf6ce8aa52ca02c5c1
data/raw/games/safe_risky/results_20251008_225522/safe_risky_barely_prompting_90.csv	88158	ee6fff3143e1107d5be492a6aff8de382d44967e2de2176c4ba59c6fdbe074d2
data/raw/games/safe_risky/results_20251008_225522/safe_risky_barely_prompting_95.csv	88563	cfb65761dabf03442feadbaeefa498a398ce95d590bb283aa631d016c439ffe6
data/raw/games/safe_risky/results_20251008_225522/safe_risky_baseline_10.csv	84858	97916c4262c7ba7f5872e5547b5e3da60467d84711ac20e130c14edd5505df49
data/raw/games/safe_risky/results_20251008_225522/safe_risky_baseline_100.csv	78617	8926889440ac2057aa5127850f2ad86be7b46c809e5110747a93d9472ff26b74
data/raw/games/safe_risky/results_20251008_225522/safe_risky_baseline_105.csv	91535	4bc48b5bf3861c98bd72d6feb4c311c42b129d669f599f9b365905ab5dad5500
data/raw/games/safe_risky/results_20251008_225522/safe_risky_baseline_110.csv	90917	c1318494ed2fcb6ab0c150ef3bf27fd38a91cdc25ace8dc2aeb8552f15d89c7a
data/raw/games/safe_risky/results_20251008_225522/safe_risky_baseline_115.csv	89906	6f67af93d99d7176128d21e0402fa8b8aa1512562ce234288cd7082536a6ce1c
data/raw/games/safe_risky/results_20251008_225522/safe_risky_baseline_120.csv	87200	01c87863a3942777b3044d3ecb725a4660875826c4bb14fb4602dd4d525ffebe
data/raw/games/safe_risky/results_20251008_225522/safe_risky_baseline_125.csv	89228	2bd9d2e879238f49a885d9919602cd2e857cf83cb4859c13984e6ac4f126bd01
data/raw/games/safe_risky/results_20251008_225522/safe_risky_baseline_130.csv	85035	4fdf1703dc8b64739a19095304d62b77f997e1277ab344078fa87a32dc1b1bdb
data/raw/games/safe_risky/results_20251008_225522/safe_risky_baseline_135.csv	86119	8d05c08190156449b3364ccb992a9c67bfb5888a68bbd09733bc568b98c0bc6a
data/raw/games/safe_risky/results_20251008_225522/safe_risky_baseline_140.csv	86985	fd2a198704c9b12a01f5257b5c38269cda137e4df3cb0822aa25042f5e61fa28
data/raw/games/safe_risky/results_20251008_225522/safe_risky_baseline_145.csv	82622	6a97e863e23e6aef95eb744f17fec6e5f5910825cb24284cd70b1b82510cf361
data/raw/games/safe_risky/results_20251008_225522/safe_risky_baseline_15.csv	85044	cd680ae3b7a1f9db3760fd653ca6492b6f6831b1a9f77a389af09e0d7b334085
data/raw/games/safe_risky/results_20251008_225522/safe_risky_baseline_150.csv	82345	eb9c97c207cb047131347d571e8d9bd54a579d553d6d9b90c2d616a22c7e9971
data/raw/games/safe_risky/results_20251008_225522/safe_risky_baseline_155.csv	84023	82cf15b0f4ee321df187971da443b7ad3609ef028809fc617e8e97dfde03621c
data/raw/games/safe_risky/results_20251008_225522/safe_risky_baseline_160.csv	83812	de3dcfbd108335b249f69d85f92306459135198113fec5581dbdf2e12ece0848
data/raw/games/safe_risky/results_20251008_225522/safe_risky_baseline_165.csv	83954	dd901c12990d00b93dfa2276ac505af6aae445b3fb515e523e181d444c457b47
data/raw/games/safe_risky/results_20251008_225522/safe_risky_baseline_170.csv	84348	4872110d26387de0410fe6575331b15e6953f324f18f51b53d83343f756c7af2
data/raw/games/safe_risky/results_20251008_225522/safe_risky_baseline_175.csv	83576	bbe3edea3a73890d5973385a6e2b3eaa8dea95890823848d9439f62a565e13f6
data/raw/games/safe_risky/results_20251008_225522/safe_risky_baseline_180.csv	83665	6d9d94b8004fd22f999ab6c0b957e6e302f49902d0bcb1e63c98b663c7f43acc
data/raw/games/safe_risky/results_20251008_225522/safe_risky_baseline_20.csv	84243	224149098ea5d7f7f23d95b34293048a2203440174fef7dfda4cf0315cbbb5e8
data/raw/games/safe_risky/results_20251008_225522/safe_risky_baseline_25.csv	82991	f91abe4602d428658d307e6d70e34c98e8e956051a7a02f60ce02733d8b862b1
data/raw/games/safe_risky/results_20251008_225522/safe_risky_baseline_30.csv	84807	e9f5c65850c0981a196f4bd591989955b8e077b9c3fd36fee8c14ddb82cd82ca
data/raw/games/safe_risky/results_20251008_225522/safe_risky_baseline_35.csv	82923	bb958b7cfef9de4afe5214c2e356f3f45daec49a0c6fcd27936f0fbd9e6f7c4c
data/raw/games/safe_risky/results_20251008_225522/safe_risky_baseline_40.csv	83988	44c30d5fc56af600abf8d44a8b2faa2e58a7457539c3cc36d9d99401a4facc96
data/raw/games/safe_risky/results_20251008_225522/safe_risky_baseline_45.csv	82320	8d74404da02386ad079a49060777c1f3411a2737da77145447bde3169b43b0d5
data/raw/games/safe_risky/results_20251008_225522/safe_risky_baseline_50.csv	79158	74421b1546c76d5f93fc92f41a1259f8cd6eacd5553d6222aee7a7711c8df2e5
data/raw/games/safe_risky/results_20251008_225522/safe_risky_baseline_55.csv	86451	89d881ea97f573edfb019d2a732b7562a3d74d14ec4d5905fd817dcb4b50af06
data/raw/games/safe_risky/results_20251008_225522/safe_risky_baseline_60.csv	81429	82422b79c601f1dada194f147b29013b2553e0e5b863c8788a493c37828adf6f
data/raw/games/safe_risky/results_20251008_225522/safe_risky_baseline_65.csv	90309	fe8bc7d8ee43aa3f76800162f00c50f7086fed4b9d64bbf2e516797257850c9d
data/raw/games/safe_risky/results_20251008_225522/safe_risky_baseline_70.csv	82170	c1b3161191d7a62bd9d8d1c5420c5ff2e2ac148aed365f68f82063239d34c371
data/raw/games/safe_risky/results_20251008_225522/safe_risky_baseline_75.csv	84984	49eb2563046aee298c7d460c9045cc459f57fdd53ca5b73f9492429e9aad4b50
data/raw/games/safe_risky/results_20251008_225522/safe_risky_baseline_80.csv	85083	d47a6984af180ba43cfd4657e1a5fb3e8b7d229115922873759f65cd50495d1d
data/raw/games/safe_risky/results_20251008_225522/safe_risky_baseline_85.csv	92997	5e81ad17cd2142b34a55c3fb64aacffac9010397bcd08bc76894fd65b4b69d86
data/raw/games/safe_risky/results_20251008_225522/safe_risky_baseline_90.csv	85380	10740d92b978355474ad45894441f55061a9450f9882944cb7c4b3a03e480546
data/raw/games/safe_risky/results_20251008_225522/safe_risky_baseline_95.csv	90153	ce54b9ccbbc9fd204a6c874c22db120d14e2f3d680608b701c2e3296fc471199
data/raw/games/safe_risky/results_20251008_225522/safe_risky_lite_steering_10.csv	102815	54b4e067db3878d1b8c446baeb3acd3c86a7a7332b2bdb808de59256601befcb
data/raw/games/safe_risky/results_20251008_225522/safe_risky_lite_steering_100.csv	104084	53655a4f4d0b513fa3f35ca96660699ca3ba33a438df1c5c38062bec23637db9
data/raw/games/safe_risky/results_20251008_225522/safe_risky_lite_steering_105.csv	106728	61a836498004b28194be5a0d8cadaa5674e23d771234468453f886c866a2add2
data/raw/games/safe_risky/results_20251008_225522/safe_risky_lite_steering_110.csv	104469	eabc10ec9af85847c90f42841b4558943ba3478069c8324661015d0bef2cb46b
data/raw/games/safe_risky/results_20251008_225522/safe_risky_lite_steering_115.csv	104696	c4ab0da3e04194d8099fb542112b62d4dbfbe87f98be44a3d51ff3bafb12ef05
data/raw/games/safe_risky/results_20251008_225522/safe_risky_lite_steering_120.csv	100577	e0b434beb9fab5838cc43008f78f0482ae36d4cb522a5b0830b8a0bb0b1901b6
data/raw/games/safe_risky/results_20251008_225522/safe_risky_lite_steering_125.csv	102458	6f43e7b124475c6f18c9666f8ca85defbc7078478cfb16988c8b81f2d6a2e927
data/raw/games/safe_risky/results_20251008_225522/safe_risky_lite_steering_130.csv	105426	8906b873e4c68a185ba3e9beeec22f1d79dcd301c4ad9f99fc32b75250a9d23f
data/raw/games/safe_risky/results_20251008_225522/safe_risky_lite_steering_135.csv	108093	0f6f2ba1d58a02e8afa527b10ce4d4071c2bee854b7849348bb9f06959d4a9ca
data/raw/games/safe_risky/results_20251008_225522/safe_risky_lite_steering_140.csv	104352	9949b2871d33d1e7b4a712d49c18e8d4574e57247a3f8168b419e27ca83c7bbd
data/raw/games/safe_risky/results_20251008_225522/safe_risky_lite_steering_145.csv	107282	8c3f033411fdab1591cd5c6abdf0ba5fb741e0fbc021a2d80431ce0580e812e6
data/raw/games/safe_risky/results_20251008_225522/safe_risky_lite_steering_15.csv	105854	25b378ce8e088b1ce95da898975dae5a52a7cf30ad401e291cb1e901c3620131
data/raw/games/safe_risky/results_20251008_225522/safe_risky_lite_steering_150.csv	103992	407f7653cb7811fb2a3664af3f5b6026ed6d45ed47dea669df95eacbc51298fd
data/raw/games/safe_risky/results_20251008_225522/safe_risky_lite_steering_155.csv	108763	755ace712fab3272ab25724157119a905369e6fac914d034d2c98f3fc5d255c3
data/raw/games/safe_risky/results_20251008_225522/safe_risky_lite_steering_160.csv	105543	87179c8d3c8d02d6891171e6bf9ad20a3c5a7f895ed3bf42aa190d4578c45dc4
data/raw/games/safe_risky/results_20251008_225522/safe_risky_lite_steering_165.csv	109262	4ed8d8c4b56131858a9f58524ec3e3a929fbd75824cede46da648057ae83f092
data/raw/games/safe_risky/results_20251008_225522/safe_risky_lite_steering_170.csv	106050	a26b9280a9f6467498bbc22e73c09f4da042530711274c743769251bb168b0ab
data/raw/games/safe_risky/results_20251008_225522/safe_risky_lite_steering_175.csv	107123	678fbebf8c50923096c3afe2df47687df25784733fcd4724273cdd5922e0b40f
data/raw/games/safe_risky/results_20251008_225522/safe_risky_lite_steering_180.csv	106529	fee1cd34ff6894b8e1e1931c0d08d74b1d139efd096c3865f880c9e8c00731d9
data/raw/games/safe_risky/results_20251008_225522/safe_risky_lite_steering_20.csv	100610	e2b0faf17a9c728d2dc6de7dc27ed60c92a2a135035076ca8f3b3bfd71de7d2c
data/raw/games/safe_risky/results_20251008_225522/safe_risky_lite_steering_25.csv	99020	0f1b6825a2db5247bb686ebf1a3e9a705e3201f1c774cf0d6caf0ac1c50d7954
data/raw/games/safe_risky/results_20251008_225522/safe_risky_lite_steering_30.csv	98561	f9944b47574c092d616643fb1200973cf8bc6c335126db66f2694657bbecf162
data/raw/games/safe_risky/results_20251008_225522/safe_risky_lite_steering_35.csv	100589	7998bcf017a4d25feeb01d2e94e48725a9233f0287348961bcfd43ce340e8b4a
data/raw/games/safe_risky/results_20251008_225522/safe_risky_lite_steering_40.csv	98699	1bd70d011f41a0e9d8fbd78ad2bf8798ba28b3928e8e714ff17906b43696484e
data/raw/games/safe_risky/results_20251008_225522/safe_risky_lite_steering_45.csv	103259	0c69b7f633cfea23b3088792fd8824ca07ab34af026d9cb0efcd01037d9ba6cc
data/raw/games/safe_risky/results_20251008_225522/safe_risky_lite_steering_50.csv	96788	e602f8a01a7b832c224a0a0342509a784b2c8ab4463834e88e3ad88f7e2710e1
data/raw/games/safe_risky/results_20251008_225522/safe_risky_lite_steering_55.csv	97841	66c53877162ad3a820adf42d237f2f90021bd404e203421e4f33dfa38fec70b3
data/raw/games/safe_risky/results_20251008_225522/safe_risky_lite_steering_60.csv	97727	763f4d464785d6e670d31fc541705da5cd1934fa016a06b6e45911646971758e
data/raw/games/safe_risky/results_20251008_225522/safe_risky_lite_steering_65.csv	101779	da463f79c35913da69b6596f39d80f00acbaf10dcbdbb81679df8c7662f64516
data/raw/games/safe_risky/results_20251008_225522/safe_risky_lite_steering_70.csv	100265	2d57d208c30b3d0dcf5a68bf10f0d29479038ac1d205352709526c41bb03b640
data/raw/games/safe_risky/results_20251008_225522/safe_risky_lite_steering_75.csv	99850	d532e6371143a185127b9537838725581cd9b70f4b63b73cb05367fa0eb2f0ee
data/raw/games/safe_risky/results_20251008_225522/safe_risky_lite_steering_80.csv	99981	a18c1a1534277aef74792d2dd726777bfa914644fb61740a8eae75ee5a1738f5
data/raw/games/safe_risky/results_20251008_225522/safe_risky_lite_steering_85.csv	107037	1b46fb8986932c79f795132354d3900ccc906fff62855c0855904aca2adbccc7
data/raw/games/safe_risky/results_20251008_225522/safe_risky_lite_steering_90.csv	101046	1f10c0f7c23762e3f8b4d2c5b8e4a3bf13de1ddc3ba80e664fc67b6cc5a6ffd0
data/raw/games/safe_risky/results_20251008_225522/safe_risky_lite_steering_95.csv	102437	b90eb689f0e78952abb6c273d22827e36b03a0dacba9ac5b867f9aa7ce05c016
data/raw/games/safe_risky/results_20251008_225522/safe_risky_slightly_prompting_10.csv	91769	f5dba3605a21d46a7a807f4deab905cba0634f089d92bbbd7c6396e952499955
data/raw/games/safe_risky/results_20251008_225522/safe_risky_slightly_prompting_100.csv	91863	c6f9730ceb51e6fba3922f79bb2971d3f526ac27d4003f1d071c6c4d8e1461a4
data/raw/games/safe_risky/results_20251008_225522/safe_risky_slightly_prompting_105.csv	92438	e2c2efdad8d410d166acc445e4475e99d9a9656a83c1a7d4d18a12c682168c91
data/raw/games/safe_risky/results_20251008_225522/safe_risky_slightly_prompting_110.csv	93139	9abbba3ead18e8e569954685162f7264ffbba12117c5cce7fe9e2d8cffd68aba
data/raw/games/safe_risky/results_20251008_225522/safe_risky_slightly_prompting_115.csv	92561	fce45ac349625662d5f6dbcef0299ec38774edfea17d28446f61e9149954151f
data/raw/games/safe_risky/results_20251008_225522/safe_risky_slightly_prompting_120.csv	91869	85dba96ea85166b17b4a33759fbbb717ae8d782060a7795ce5530979665b919a
data/raw/games/safe_risky/results_20251008_225522/safe_risky_slightly_prompting_125.csv	89461	0f7b038472c650631b7c4e15fa60f06b760761c7adfb865456b33899a99ee09b
data/raw/games/safe_risky/results_20251008_225522/safe_risky_slightly_prompting_130.csv	92087	8c85af13fe315116fb9d0b91ad16d9cf338def5c3c5da0f491b8c50b2f79f974
data/raw/games/safe_risky/results_20251008_225522/safe_risky_slightly_prompting_135.csv	92310	4a76c4b582dcaba9f98558115be0137076c2f25fb0b967f2e96ee8887694facd
data/raw/games/safe_risky/results_20251008_225522/safe_risky_slightly_prompting_140.csv	91807	8d1bfd49c37634c070187fd235ceb870c82001a83420eb2b994ce1367c3553b0
data/raw/games/safe_risky/results_20251008_225522/safe_risky_slightly_prompting_145.csv	91981	46643c9dbba0481c9bdcf77e8437b3a631d48b540d2c681f71bdbe13247715de
data/raw/games/safe_risky/results_20251008_225522/safe_risky_slightly_prompting_15.csv	93759	e93acdef1a5d5c74ba758d469d2efa3fd6c652be94690467db319f809a18c451
data/raw/games/safe_risky/results_20251008_225522/safe_risky_slightly_prompting_150.csv	92518	fc114b43748db51c2bcb906ae88bef4adae944ee6c5aa7133cd12fb72972e887
data/raw/games/safe_risky/results_20251008_225522/safe_risky_slightly_prompting_155.csv	91677	d81936d447f3e71f5424fcc81534c3c3671e23b509483cad6980663310ef395a
data/raw/games/safe_risky/results_20251008_225522/safe_risky_slightly_prompting_160.csv	92257	f689d3dd33d3b7b8688f01fe4937864a128f0aeba251270430bc4be3be6dc14a
data/raw/games/safe_risky/results_20251008_225522/safe_risky_slightly_prompting_165.csv	92389	1ddc8fc2bb5efcdcc2bffba0d9f1213da383c8887d2882a4bf70fd4dcae837e1
data/raw/games/safe_risky/results_20251008_225522/safe_risky_slightly_prompting_170.csv	91684	ca10905219d527e311029625eb6f8edfdf66d07d6bc6e248097fc73da5da0d03
data/raw/games/safe_risky/results_20251008_225522/safe_risky_slightly_prompting_175.csv	92896	7675ed4d3c3de31678e304f01bfd12c61b090669d3f5667062b3b6de6924d5ca
data/raw/games/safe_risky/results_20251008_225522/safe_risky_slightly_prompting_180.csv	92339	1d60a42dc3475669c3cede360e62554f08e2dc8b0f4a1f22531d810b3537962a
data/raw/games/safe_risky/results_20251008_225522/safe_risky_slightly_prompting_20.csv	93588	2f41aaafbbcf43fb19467a927167ffb19bcd90c1c8779cc260fa9d9b822ff8bf
data/raw/games/safe_risky/results_20251008_225522/safe_risky_slightly_prompting_25.csv	91871	646a75e09d186d63ab4b386dba60e27a1605b9af58c0964da18955cc014017d2
data/raw/games/safe_risky/results_20251008_225522/safe_risky_slightly_prompting_30.csv	94152	64c93bb1a781eaa82e1924de8427e6753a835231b31206038c5129f0dfa86c80
data/raw/games/safe_risky/results_20251008_225522/safe_risky_slightly_prompting_35.csv	92175	85fd2cfe14aa94eb38df5ff95c899a620dc1718c4516f53951d53d2c5235b007
data/raw/games/safe_risky/results_20251008_225522/safe_risky_slightly_prompting_40.csv	92627	1f8f0fcac010c041d8c897a4a05c2422551eec4c662c115264fe07b2f037a6fb
data/raw/games/safe_risky/results_20251008_225522/safe_risky_slightly_prompting_45.csv	96725	8fd852ba3a2d20a0f4fbdeff54c9df3ba84153ea72d13c539be94362df4f1668
data/raw/games/safe_risky/results_20251008_225522/safe_risky_slightly_prompting_50.csv	93939	609cd1239a03f61701b96fee1072e97e6516eeed58128d1fcf214ed7d89f2b1b
data/raw/games/safe_risky/results_20251008_225522/safe_risky_slightly_prompting_55.csv	91298	94005d15bc1b9dbea7d3c0774fa65635e01bfdfd952e1b043ee4ec7b1c5fa5b0
data/raw/games/safe_risky/results_20251008_225522/safe_risky_slightly_prompting_60.csv	92366	7b515dd0d167499be48ea02bbec4f710b92d9b41ca79a190029534e407f04888
data/raw/games/safe_risky/results_20251008_225522/safe_risky_slightly_prompting_65.csv	91643	ea7b510ef400730586e0df76217c4da58265ea6427b9d5e577395eb6b6506df2
data/raw/games/safe_risky/results_20251008_225522/safe_risky_slightly_prompting_70.csv	92772	534463006b0b465cb7e0bc3eff269f288db7f2984c6aa39d1b3a437cd14d42fa
data/raw/games/safe_risky/results_20251008_225522/safe_risky_slightly_prompting_75.csv	92259	60f9549defe7c9d675aaf2c879a17691b7163caa5d16297a8538ab5c2efab40e
data/raw/games/safe_risky/results_20251008_225522/safe_risky_slightly_prompting_80.csv	92158	72dad15970032b751f3ea6881631363106118e038baf9abac268a189a4d2d1cb
data/raw/games/safe_risky/results_20251008_225522/safe_risky_slightly_prompting_85.csv	93166	6196a0d09e28c5f9be72b9e7dc1f3924c2d2b691394adda184143b7395064c10
data/raw/games/safe_risky/results_20251008_225522/safe_risky_slightly_prompting_90.csv	92155	84c9ee6039d6367543e9e9b5ab70af08287d1d05bd45eb5fe0bea1dd12f6a4f9
data/raw/games/safe_risky/results_20251008_225522/safe_risky_slightly_prompting_95.csv	93537	89f446a7cb7493eecb3af251cf6263a002ead2faf74e9d5cae9deaf91cafceb1
data/raw/games/safe_risky/results_20251008_225522/safe_risky_steering_10.csv	98171	32421aada78a060a8c2739b8e688026d84f50d9e77a1570f616a8928469a33a8
data/raw/games/safe_risky/results_20251008_225522/safe_risky_steering_100.csv	104542	61aa40dac6718fc016cb9bce64a9a95fd5eefc1309b86814e9835ef1ce2681f1
data/raw/games/safe_risky/results_20251008_225522/safe_risky_steering_105.csv	102214	b84299b90af8faa820fc7b496471d4fb5e4e80d389fae0aacf0bb0a134be78d0
data/raw/games/safe_risky/results_20251008_225522/safe_risky_steering_110.csv	101830	f931f7a49494d810b2dad4572514e3be3801a04991935d0ef7e15335c8ed7b84
data/raw/games/safe_risky/results_20251008_225522/safe_risky_steering_115.csv	102886	79ae64b079dfb279be9c0b90e71537091a4e331e0cde8191bb04b89ec2b40d0e
data/raw/games/safe_risky/results_20251008_225522/safe_risky_steering_120.csv	103419	4ea82a8abe321551e7b314df7bb77100d03dc2f2d96b20a57bbcd05b86620a81
data/raw/games/safe_risky/results_20251008_225522/safe_risky_steering_125.csv	102316	2c3f392ff570021aad257b779953eb7e3c882b5b1277d3b9911921dec240f32b
data/raw/games/safe_risky/results_20251008_225522/safe_risky_steering_130.csv	102672	710a2f272c65fe166e9a9341bb3c9b937ebb2b7bbc75d9ebba5d7860bd435e60
data/raw/games/safe_risky/results_20251008_225522/safe_risky_steering_135.csv	103331	3eb267c140cfa0c6443719ae49cb5c255a51cc202004006d24aace217e667344
data/raw/games/safe_risky/results_20251008_225522/safe_risky_steering_140.csv	102960	213bbc323356924234983e135f314e3345e7a70ffb61d76279d8e66ac9a711e1
data/raw/games/safe_risky/results_20251008_225522/safe_risky_steering_145.csv	103110	e317f2b23dce21d72725124714ff193285597ff7a46deb9a6897b8ca9fa14206
data/raw/games/safe_risky/results_20251008_225522/safe_risky_steering_15.csv	98612	828967a0acc393e87a4a1cbba8aee55b601dfc132decce74da994dba99d27432
data/raw/games/safe_risky/results_20251008_225522/safe_risky_steering_150.csv	106648	a38ec37b7114c09978f6009c0abf6c69aad9a9da580f1f8ae58c4253548e5ebd
data/raw/games/safe_risky/results_20251008_225522/safe_risky_steering_155.csv	102849	e1835dcef3e90d506140209ccc00e097c49a3c5092857bc366410234faa0d89a
data/raw/games/safe_risky/results_20251008_225522/safe_risky_steering_160.csv	103034	86ec3d07228251f359091dc5ea314cf44525259457400c481c640cd725d2bff8
data/raw/games/safe_risky/results_20251008_225522/safe_risky_steering_165.csv	103985	8338f80a7740bc2c4191413b71683907911cdda7a733f8121e3fc80c604d92d5
data/raw/games/safe_risky/results_20251008_225522/safe_risky_steering_170.csv	103348	3ba2d5e5503c9315bfbb71f32ec47e5588251c8fadc84e0f7a1dd08390d775e2
data/raw/games/safe_risky/results_20251008_225522/safe_risky_steering_175.csv	103009	2b689f48dc605be930e4a5c7c001d3eece5ea56ff980da65410a5640c2ec922c
data/raw/games/safe_risky/results_20251008_225522/safe_risky_steering_180.csv	103170	39a67d21c2ddc6010d1c612e14a336b775953e9b88569af0ed3339f790220027
data/raw/games/safe_risky/results_20251008_225522/safe_risky_steering_20.csv	97856	9063d20270588ef13bf4abc66aabdadb578742b6ebf5fbdc4ba95b5265bf56f3
data/raw/games/safe_risky/results_20251008_225522/safe_risky_steering_25.csv	97700	61336872f9c79c89d5be4a84f16ac060cade7824dbac3094deebfe0108b99814
data/raw/games/safe_risky/results_20251008_225522/safe_risky_steering_30.csv	97979	02c1d5fb7733506731047c4d9fd85c957219e93e00e16fce6ef63a9b851764b4
data/raw/games/safe_risky/results_20251008_225522/safe_risky_steering_35.csv	98264	b904bcbf2ef72aa1c1d0d3ae8bda19ea808097080aa7082ff4192843a8bf9128
data/raw/games/safe_risky/results_20251008_225522/safe_risky_steering_40.csv	98447	46ad2c2702afb7d6fb6d127215676b628c78072a665a46802d3c3bf10838c18b
data/raw/games/safe_risky/results_20251008_225522/safe_risky_steering_45.csv	98996	df05ec45fda98df755856193c7eeb8d61f2f2ba9d10d6b62a94113661374f6a2
data/raw/games/safe_risky/results_20251008_225522/safe_risky_steering_50.csv	97622	987770982aaafb79dec46da1b8d6be26c08c58dbd98db3c15a884a1bd8070e0d
data/raw/games/safe_risky/results_20251008_225522/safe_risky_steering_55.csv	98680	57643e05088560329e1ab726cf8edb0867c5a43bd9831906ebf51e0ea457d5e0
data/raw/games/safe_risky/results_20251008_225522/safe_risky_steering_60.csv	104562	e2ee7f7ad5ab72cfc3f5f1565f6681fceb87fb8f6d8e93660793647b918a5970
data/raw/games/safe_risky/results_20251008_225522/safe_risky_steering_65.csv	103520	86ca1901d8ead58c13941392b7e787645bf119c6528a6f59cd90ffbd73ed9ed8
data/raw/games/safe_risky/results_20251008_225522/safe_risky_steering_70.csv	111153	702b003817f6043e4f0a51d64adcb55bd9f5287f5ac66e710535d72eefba852a
data/raw/games/safe_risky/results_20251008_225522/safe_risky_steering_75.csv	105549	690586899dac40bf9e90a1d7869b26bae52f43b05d42716c921afa2c94b46673
data/raw/games/safe_risky/results_20251008_225522/safe_risky_steering_80.csv	111908	997b4c22100b6ae70fcb4c1b67973c2cdc7b6ddc6b84baa9e3fac7362010310b
data/raw/games/safe_risky/results_20251008_225522/safe_risky_steering_85.csv	101584	f4474b02ac8469065ead86e98a5fd248f182ce81f03f565262f07d3c9f480e5e
data/raw/games/safe_risky/results_20251008_225522/safe_risky_steering_90.csv	111236	80619640cd204ce1d95834edd654e9694df33e137a05fde51e6e2f9cdcbb8ab9
data/raw/games/safe_risky/results_20251008_225522/safe_risky_steering_95.csv	103654	96c10ee57e37f9adce131f307f1d3a1a8969fd8bc35e17f22f0dbb07e8104f16
data/raw/games/safe_risky/results_20251018_205613/feature_activations.txt	6624473	b2cdefc40bf55db0831dbbfa9023145dbf29ad7328ac4985ef04f1b63d608baa
data/raw/games/safe_risky/results_20251018_205613/reward_experiment_summary.csv	794	a4648c0e6a5965612329b23aa9e538d22a4b2cc445752656bf00497fedc2296d
data/raw/games/safe_risky/results_20251018_205613/safe_risky_baseline_10.csv	83162	bbf644edf17f41b67bf9125ccab4fa0c03df8df60e80146570aff05263f6a41a
data/raw/games/safe_risky/results_20251018_205613/safe_risky_baseline_100.csv	79015	8b54466d28adee5ea94f4925f699fa4ac73166842c5875cc71473f432041b836
data/raw/games/safe_risky/results_20251018_205613/safe_risky_baseline_105.csv	91789	502a17ba62aa3c11f38d90eff3c91e1f4e4ec46d488b5f10daee58a4c6db1e49
data/raw/games/safe_risky/results_20251018_205613/safe_risky_baseline_110.csv	90880	b2dd5e905e5279b56a7bebb723b4c931c5286643d3b0e149ec3e22381a8048f5
data/raw/games/safe_risky/results_20251018_205613/safe_risky_baseline_115.csv	90283	a4db3ef03da966f0670efa138fbf831d2bdfcde13fc9687b64a13ec1ddd31490
data/raw/games/safe_risky/results_20251018_205613/safe_risky_baseline_120.csv	87499	7a0b81784db961120da6482c7ba64166dd7a35e1b82cfee56964fa6321ef688d
data/raw/games/safe_risky/results_20251018_205613/safe_risky_baseline_125.csv	90585	23789e3c52a8e18cd3ed4330f06791e30d5a0698a88abd3d45d8e170138d9389
data/raw/games/safe_risky/results_20251018_205613/safe_risky_baseline_130.csv	85007	0dd4457b47f96d8bb70b67005ff5e83667c2feaf83710f326f1e188f8e844a37
data/raw/games/safe_risky/results_20251018_205613/safe_risky_baseline_135.csv	85883	c10a8847bc1fdc863faf22883cdb15272928390c857bf522cca9384942dbc061
data/raw/games/safe_risky/results_20251018_205613/safe_risky_baseline_140.csv	86958	2bb8b7b171eacd28c8a3b4a37e565f42135ebe7c60713666274d48084f47f710
data/raw/games/safe_risky/results_20251018_205613/safe_risky_baseline_145.csv	82589	b086bc0b39cfb911eeb59f831ea5505f332301fc0fd221f27b4d38b056c6e115
data/raw/games/safe_risky/results_20251018_205613/safe_risky_baseline_15.csv	85178	c29c18a3227466013c7a2f89d76fdd5f9bf5cd9aee64b6108e59d0e7c97fec5f
data/raw/games/safe_risky/results_20251018_205613/safe_risky_baseline_150.csv	82813	b2b6b03f1f04c2ad42a4753e3c93cfb48fece7f5d448832d0cd5e963cd6097a2
data/raw/games/safe_risky/results_20251018_205613/safe_risky_baseline_155.csv	84064	ef5305064ad28419125d03c3bc00091ffb6131611cb668a9965722b1f2d3d6bd
data/raw/games/safe_risky/results_20251018_205613/safe_risky_baseline_160.csv	83897	8c662a68a5c53956b0b748ce4184e5eedcc1ab035b4a853fe911f9985e5f7cdc
data/raw/games/safe_risky/results_20251018_205613/safe_risky_baseline_165.csv	84037	d00acea7b0f6c7cba78001b73b0371947bc642f793852935b1c5c78a93168c56
data/raw/games/safe_risky/results_20251018_205613/safe_risky_baseline_170.csv	84210	173c27aa162e4da40c337f46522cad4bdf2d5d308461a3af78315a25d4c8c95d
data/raw/games/safe_risky/results_20251018_205613/safe_risky_baseline_175.csv	83365	baddda52fb4efd7baf7c26d3d74d4d526f9db6a4be85a81228bb83fa0dd8b907
data/raw/games/safe_risky/results_20251018_205613/safe_risky_baseline_180.csv	83761	f8a35ae3c3946fe9c337b16a90c47241a51312ff1f984d1ff217aaae4d4fc4e9
data/raw/games/safe_risky/results_20251018_205613/safe_risky_baseline_20.csv	84284	65831add50e6b215a30ae2b88ac1a16c24c53c90b4d14e339c03ea1a923d59a3
data/raw/games/safe_risky/results_20251018_205613/safe_risky_baseline_25.csv	83032	336295cf1f6de269ec305b47e26d5f22468cd573ef3bc8f8cb296f47f8fcd35e
data/raw/games/safe_risky/results_20251018_205613/safe_risky_baseline_30.csv	84848	982aa1d3d3fa4a221f3338f1c7a0609beec61030f25f4d6e4728541af5c506ff
data/raw/games/safe_risky/results_20251018_205613/safe_risky_baseline_35.csv	83279	0264fdf6ea5c1b46f6ef7ae958d4797c1909eecbbe2ac044c17d10f41b10a6dd
data/raw/games/safe_risky/results_20251018_205613/safe_risky_baseline_40.csv	84035	f72ffd47e9104762bcb29fecabcc309c2bf0e4793a016bd3651a7e5a9bf3d81a
data/raw/games/safe_risky/results_20251018_205613/safe_risky_baseline_45.csv	82355	1dabca89b311db1c00a6e0b5c16be7d069ae033754ce7a44870aa5c4df04f4e3
data/raw/games/safe_risky/results_20251018_205613/safe_risky_baseline_50.csv	79061	d937136337bb458b7f4be6c4b9288ab8473aff6eac374f4319c3c92d4c1c31a7
data/raw/games/safe_risky/results_20251018_205613/safe_risky_baseline_55.csv	86453	a5886a82c9a486ece39d3129d1298cb217df690545590bcad7f35ebfb57f6b12
data/raw/games/safe_risky/results_20251018_205613/safe_risky_baseline_60.csv	81506	b5d6044d61ddee786d8b5ff0e3c15cd33c8228bba560cefe6eb47a0055df77ad
data/raw/games/safe_risky/results_20251018_205613/safe_risky_baseline_65.csv	91856	86fc1e9238920b1a28eeaaa4e261a1726c835eae53d664ef8694fde7124bcf72
data/raw/games/safe_risky/results_20251018_205613/safe_risky_baseline_70.csv	82538	81edda3e2a40839867bbbd2f04c0e33aba736b0a702d54e286b27f5f27bbea83
data/raw/games/safe_risky/results_20251018_205613/safe_risky_baseline_75.csv	84995	5c97dd0382ebdbcb33d38929cff97b29483c378c93f067cf7b0ca1dd9c68de58
data/raw/games/safe_risky/results_20251018_205613/safe_risky_baseline_80.csv	84461	d0419b240ef0126e749dd71f2222f1177b0eeeaaa6e225bea3d49304d8c3687e
data/raw/games/safe_risky/results_20251018_205613/safe_risky_baseline_85.csv	93176	b2ac61711e092761def246a9173ed0cbdef313b36b170971c56d6a483bb64e2b
data/raw/games/safe_risky/results_20251018_205613/safe_risky_baseline_90.csv	85088	ab3b54f4cdf363053a60271e6261231ab989ffb6dc163e3d9630b02e5e512b85
data/raw/games/safe_risky/results_20251018_205613/safe_risky_baseline_95.csv	90683	493384c9c6ba3ac16e50d27ec73d19899034337898a3731845279e96961674a9
data/raw/games/safe_risky/results_20251018_205613/safe_risky_slightly_prompting_10.csv	92798	043c959d816eeaccc4e6ac8c6b55d981b66702dee97ca616206c969559215179
data/raw/games/safe_risky/results_20251018_205613/safe_risky_slightly_prompting_100.csv	91029	228f49c7a7bb0cca3d8ed73ac061746e14433e8e8bc82b544474482c53da8b98
data/raw/games/safe_risky/results_20251018_205613/safe_risky_slightly_prompting_105.csv	92458	6d6372d29de28d06e0e53f825f9e1d6940aa17b1633e5e7d88e9ac993859aa34
data/raw/games/safe_risky/results_20251018_205613/safe_risky_slightly_prompting_110.csv	93149	f785f16d644d3a2468c8e240af293d45137d469f38f1ecb89e06d54bfb0c856e
data/raw/games/safe_risky/results_20251018_205613/safe_risky_slightly_prompting_115.csv	92707	fb1101e308a66da89ac7bd805265b94b5b554654a4f13a726f7f10d1a73ee690
data/raw/games/safe_risky/results_20251018_205613/safe_risky_slightly_prompting_120.csv	92081	5fe00cefccd8ba0811e1e8184132c7529ab6009f8ec5fe997e0974412e4823c9
data/raw/games/safe_risky/results_20251018_205613/safe_risky_slightly_prompting_125.csv	89502	832dcd7f24ddfa8717c60d645886591a30b56f28ae9cfac95b20b4eb8057012d
data/raw/games/safe_risky/results_20251018_205613/safe_risky_slightly_prompting_130.csv	92062	79e523567ccba5a8772d58e3ca900402c3511f40b88715942bad5c69b6cf381b
data/raw/games/safe_risky/results_20251018_205613/safe_risky_slightly_prompting_135.csv	92285	7a0725dc9cecbee621f66f3d931c5a79a45823834e2f7193cb3242f4df0b4473
data/raw/games/safe_risky/results_20251018_205613/safe_risky_slightly_prompting_140.csv	91848	af1387d5d13a99779b9fd3a1f30cf4d1afd2bb93e3002874246d9b73e4946116
data/raw/games/safe_risky/results_20251018_205613/safe_risky_slightly_prompting_145.csv	92022	75efb43dd23e14a35604b85ceba7bb4c750deda7ffabd397144bdca306c46e87
data/raw/games/safe_risky/results_20251018_205613/safe_risky_slightly_prompting_15.csv	93854	762ec640f4bd0c95db20abeb6fdab7c065a1b3ef4f598b927a9c89c440371cc7
data/raw/games/safe_risky/results_20251018_205613/safe_risky_slightly_prompting_150.csv	92559	68e76b560ffe5f0f6545fbf6b8dbe48131e69a43761f253149bb9a152e5c0499
data/raw/games/safe_risky/results_20251018_205613/safe_risky_slightly_prompting_155.csv	91694	0cae2beecff48f1dd4246de699e77c0560abd1b39c138dc997f4b1d11634973a
data/raw/games/safe_risky/results_20251018_205613/safe_risky_slightly_prompting_160.csv	92247	8da48ba55b243c49cd9733816308a970fc257ad6c00f0c67f72a22b2513fdc0d
data/raw/games/safe_risky/results_20251018_205613/safe_risky_slightly_prompting_165.csv	92325	510c9556283fd32ee279035ffeba8800aab50179fa111fdf7149fd9f04123aeb
data/raw/games/safe_risky/results_20251018_205613/safe_risky_slightly_prompting_170.csv	91725	1888abc604cacdb6fc7ce43ae49522a0c7b5b467809f88a7bd9136dd643c5010
data/raw/games/safe_risky/results_20251018_205613/safe_risky_slightly_prompting_175.csv	93126	afdea2e13aab8b5a14817508e2f90682dad2e011cdeb4655b907417f7ae415da
data/raw/games/safe_risky/results_20251018_205613/safe_risky_slightly_prompting_180.csv	92440	6e6aea2f12ce97b81d111e89e7805804408cfad0ee6dc9d696025c3aae658420
data/raw/games/safe_risky/results_20251018_205613/safe_risky_slightly_prompting_20.csv	92972	24325eca74c1085125d9bbb80505e73cae5b93b4ed2e80a91b8f57c28a0b4e11
data/raw/games/safe_risky/results_20251018_205613/safe_risky_slightly_prompting_25.csv	92020	846fcaabad143029a07d5c392899db019d880f1a70bef7742922c1ef47b6514d
data/raw/games/safe_risky/results_20251018_205613/safe_risky_slightly_prompting_30.csv	93924	2f57cb7432a0e76dfa63e85d9c1b9271ce961b45c3074bbed9aadc515551721d
data/raw/games/safe_risky/results_20251018_205613/safe_risky_slightly_prompting_35.csv	92122	a73b23993317f694573857bb8a65aba66f8159504326d1cc39578eae0b41a952
data/raw/games/safe_risky/results_20251018_205613/safe_risky_slightly_prompting_40.csv	92654	f852a4696bafdaa330a71becff2aaacfb519f38b9cd07e6116ba38fe77ccc2c5
data/raw/games/safe_risky/results_20251018_205613/safe_risky_slightly_prompting_45.csv	96898	15cab4be1b0d9774c2f37de11c9720c6e859dd9fda922434a5aa88e6330d631e
data/raw/games/safe_risky/results_20251018_205613/safe_risky_slightly_prompting_50.csv	92945	a26d291e4c293e606b47ade5d1a79d00fcb6f4b318ef7b18236e9f2f18c9f107
data/raw/games/safe_risky/results_20251018_205613/safe_risky_slightly_prompting_55.csv	91071	6fa43cc777c8b0c1ded2c03d61848af6b7b5f2f6ae48fbbf9cfb704c180b8753
data/raw/games/safe_risky/results_20251018_205613/safe_risky_slightly_prompting_60.csv	92381	0f7c6719b2f57326df50908b35d87beb0a303795d7b8c82c9246e3d4a2c0d35c
data/raw/games/safe_risky/results_20251018_205613/safe_risky_slightly_prompting_65.csv	91769	e5334fbd90174d3e5b2dea897091d3e7a3d649ed0207bf554297e3ec5d364f64
data/raw/games/safe_risky/results_20251018_205613/safe_risky_slightly_prompting_70.csv	92890	e94c04925733a22f5ee53019c1e6b033c0aed76d13feaf7ad471712e6ea99cbf
data/raw/games/safe_risky/results_20251018_205613/safe_risky_slightly_prompting_75.csv	92170	c044815acff0690b311834f2870ef136f984064b2229be72402229aedc26c177
data/raw/games/safe_risky/results_20251018_205613/safe_risky_slightly_prompting_80.csv	92078	17a9e568793c1b32dcd6a65d99ffba2458222d65f436a25eabacdbb618bd3412
data/raw/games/safe_risky/results_20251018_205613/safe_risky_slightly_prompting_85.csv	93307	ab6a8ed104fca5975bd6d61951252e88df60b98fe5d119eea5f567c81d609a9e
data/raw/games/safe_risky/results_20251018_205613/safe_risky_slightly_prompting_90.csv	92196	5fc40c45338ec75cb763e1db14dcbba46a89d5f83c3f40216b9a5dc3754b2362
data/raw/games/safe_risky/results_20251018_205613/safe_risky_slightly_prompting_95.csv	94087	420464f8e23ef18bab10b0ed009b2bc8aac8a8ae59dbb45d097bad32aa2ad2b1
data/raw/games/safe_risky/results_20251018_205613/safe_risky_steering_10.csv	98467	0d67fe4ccc4106c79edae9accc30e2384a8cc9f4d3da3d810f257dcc1b8e7b0d
data/raw/games/safe_risky/results_20251018_205613/safe_risky_steering_100.csv	104583	4c7259a663888737e48bd1f5fcb4061417764f0b68a8db8f769cebf6dfe941dc
data/raw/games/safe_risky/results_20251018_205613/safe_risky_steering_105.csv	102246	e10fc0152a49c1c8c81cc74c7ad4219ea503a50c83a4e416079a67a8460747b4
data/raw/games/safe_risky/results_20251018_205613/safe_risky_steering_110.csv	101871	f88dd9584c6b7b5ff1ba12d663d904b031225dfd3c6dfcacce176e5050a17d16
data/raw/games/safe_risky/results_20251018_205613/safe_risky_steering_115.csv	102936	d46cd342408c41c5592c4e37d86fb191596f5df198ff085dc1cc9e3050c98893
data/raw/games/safe_risky/results_20251018_205613/safe_risky_steering_120.csv	103463	4b59f6fb32681d0c3a7c5dac6ba6887b755b2dd58bba929ef1ed4c8eacb4b63c
data/raw/games/safe_risky/results_20251018_205613/safe_risky_steering_125.csv	102357	0e9fc8603d9d7b6146f552ba608d2d10859975c6127f662d9e1f369e8da727ef
data/raw/games/safe_risky/results_20251018_205613/safe_risky_steering_130.csv	102681	0f9e802363c84c27b0c1415c2ea6a31ea2fbc3718327caab274e2da717e0da8f
data/raw/games/safe_risky/results_20251018_205613/safe_risky_steering_135.csv	103372	37040bcf62eb06537ccbfc06ef9b82d4eb30b3f6256be7b3d6055f29b6106cba
data/raw/games/safe_risky/results_20251018_205613/safe_risky_steering_140.csv	103092	38e442f6886585e91e874fd16b94605bd59068a53424842e3d0f2c40d251f9c8
data/raw/games/safe_risky/results_20251018_205613/safe_risky_steering_145.csv	103151	d14ed1885ae086ca9d1c08d1a0b07eda0debd3fb371dd6dd5cbd9e0fac23a477
data/raw/games/safe_risky/results_20251018_205613/safe_risky_steering_15.csv	98482	278005cfdc9487a7ac2ab95f325f841b34fc8a522d561a926a4963b28a16d65d
data/raw/games/safe_risky/results_20251018_205613/safe_risky_steering_150.csv	106659	eb6230e91b69b37cbd7463511a625aa9f75b7ff406a85fd2ab627e22830280cc
data/raw/games/safe_risky/results_20251018_205613/safe_risky_steering_155.csv	102966	852ca369cc77e632140fe40a7978905d1300e851b4d13b85a625d4ea70cb5661
data/raw/games/safe_risky/results_20251018_205613/safe_risky_steering_160.csv	103075	3d38a3371e0784d917906886ee4aaa8aaaa01bf2e66f3657d9377f3e91dcc959
data/raw/games/safe_risky/results_20251018_205613/safe_risky_steering_165.csv	104117	21dc0abacc4528f3d8c18921fd3628134435a36a14f0ce1504aefe7e0fd15ec0
data/raw/games/safe_risky/results_20251018_205613/safe_risky_steering_170.csv	103389	7469caa4a9e3435280348cad236d9ea210e3d2cb37af2799adcc2e204aeb358b
data/raw/games/safe_risky/results_20251018_205613/safe_risky_steering_175.csv	103050	d98ec40ec6ea1af91aa6b8653fea794b1139b58b92a203d14fa708b3b08eba26
data/raw/games/safe_risky/results_20251018_205613/safe_risky_steering_180.csv	103211	705e88a5062ff5fe7c3c82ef5eac8e63dff2515259d0194aca75ad717767729d
data/raw/games/safe_risky/results_20251018_205613/safe_risky_steering_20.csv	97861	d57da860d19e18010dc9dc9bf6c52944a098086a54b6a78bbe70f9c8ea94519b
data/raw/games/safe_risky/results_20251018_205613/safe_risky_steering_25.csv	97741	da52c3a10b7ea294a1e7a5eaf5fa23d33a8836fda2f80e0ae9de1f0e3146f676
data/raw/games/safe_risky/results_20251018_205613/safe_risky_steering_30.csv	97930	f070c2e7146a21fa41685fb0a62a0181c08853c3acaf71f3425771edcdb6c3b0
data/raw/games/safe_risky/results_20251018_205613/safe_risky_steering_35.csv	98248	2f81d3e1c38d8dd8af369882e7b61d0c8e0114ae1b3268b9dd49d7f1b0569a95
data/raw/games/safe_risky/results_20251018_205613/safe_risky_steering_40.csv	98467	214a51b3d656294b8492e4801aa92fbdfcf9ec0ad9d39fbbb572615386cd65e8
data/raw/games/safe_risky/results_20251018_205613/safe_risky_steering_45.csv	100030	279c72aea66e962ab8985b59b363d22104b1e868a9f208c725f16acebd43cdf3
data/raw/games/safe_risky/results_20251018_205613/safe_risky_steering_50.csv	97702	a18dbb8a89b7ecb9d179836d31a889ed2a0572575ce316d31014d93480a5d501
data/raw/games/safe_risky/results_20251018_205613/safe_risky_steering_55.csv	98691	59519dbbb93785bf3604a508c1dcad4a4d657e97c61497e29f6980d9309751b8
data/raw/games/safe_risky/results_20251018_205613/safe_risky_steering_60.csv	104555	6d7070431875151008bd3f12d9382a76ce09afa0bfc7848e7d2e9e751036eb18
data/raw/games/safe_risky/results_20251018_205613/safe_risky_steering_65.csv	103505	6ced3b17e17b89457d4f614aaa504c8b73867ef1e23fd0f95d3217c9e2440423
data/raw/games/safe_risky/results_20251018_205613/safe_risky_steering_70.csv	111310	0bc351da23608cabe47249b4041730e32f68efb3eb3af6223ba9820d695f5b09
data/raw/games/safe_risky/results_20251018_205613/safe_risky_steering_75.csv	105308	3871d1a4b9dd00306f2b5c8fc4628c7403f33984a3136bc14646e15643d934f2
data/raw/games/safe_risky/results_20251018_205613/safe_risky_steering_80.csv	112314	d0c33d369b7e119d88b1db888167546c54cb9a37e77e62329dd40ffcd92daae9
data/raw/games/safe_risky/results_20251018_205613/safe_risky_steering_85.csv	101634	3504250fbe21855d1555f4a4e0f81907814c285099acbc050eaaeda3d7dd15b9
data/raw/games/safe_risky/results_20251018_205613/safe_risky_steering_90.csv	110794	ca43c5fd63cf4b2f70a76ed806622f380a496ea2c0a65ce87d794e29048ded4c
data/raw/games/safe_risky/results_20251018_205613/safe_risky_steering_95.csv	104281	aed1ecd50c47dd95961b797cad005642a1fb1f6373c0283c00c7ff9f651e6a2b
data/raw/games/trust/results/trust_game_baseline_sent_10.csv	49696	af956f248dd1444ecae4b75a06d93a364c12c922ae3632d5250116b920e43255
data/raw/games/trust/results/trust_game_baseline_sent_100.csv	49613	628021ad5554655116435042e6b239ad9b14dd01a1031434c8fc74dddbb39c2e
data/raw/games/trust/results/trust_game_baseline_sent_20.csv	49514	ba47c553a92f752a999c78d31b55e340e25c30a367eaa7c4ab6b2b9ca7d0508b
data/raw/games/trust/results/trust_game_baseline_sent_30.csv	49333	11ab002dc8841a37e83a8896e75ff50a9885d802c46a8eaba8dd5c0f969c680b
data/raw/games/trust/results/trust_game_baseline_sent_40.csv	50274	d2777c6ce992e591f7249e3b784290f13b9f17ee82a7e4539ec08041a0cc405d
data/raw/games/trust/results/trust_game_baseline_sent_50.csv	50646	da515b8f2416746b9e4e3295e2bb3b4887b5d3aa5c64c6d752e9a11eec6a3384
data/raw/games/trust/results/trust_game_baseline_sent_60.csv	51163	9015f4c17adb33e20386eec0c5d4f4b3b29ea1f99711958a703c6f71b4151bf3
data/raw/games/trust/results/trust_game_baseline_sent_70.csv	49251	85c48e91ef6c8c36a96e4a237e25298608c0d8e02f2f5d01a6f61168ded73b93
data/raw/games/trust/results/trust_game_baseline_sent_80.csv	50010	a51615bb59cd1b85e6480eb34b2b0e9990e1bf52dd27ee04da1ac94588354c9a
data/raw/games/trust/results/trust_game_baseline_sent_90.csv	49968	6d69f558ddef1e614bd1db96247369ac19bb6bcf2bc0537e84e06171c7a9f4f0
data/raw/games/trust/results/trust_game_experiment_summary.csv	465	f201a71fc2328a6497af75163989fcc0fe6bc670dce66cf3c2a838b06a06a87a
data/raw/games/trust/results/trust_game_intervention_sent_10.csv	51059	50038e8e64703234ba03c27d40cfe6de8af6e32f7b0b376f57dbd2f1778254da
data/raw/games/trust/results/trust_game_intervention_sent_100.csv	50331	643c50852a35eccb082f9a1b22b94e4f46a91a654e321253541c2250b074e8c0
data/raw/games/trust/results/trust_game_intervention_sent_20.csv	51172	ad1728bd1ef9eb3176f0abbeb75ea490ea8d7e44d97cb0e2fb8abba79a9c2c8e
data/raw/games/trust/results/trust_game_intervention_sent_30.csv	49649	fa99f822728d81193107ae4080bedca250ffb07251e4b96f0ce6b86c40b011cc
data/raw/games/trust/results/trust_game_intervention_sent_40.csv	52416	53ebc6ada7e3b5497c8dde48b5fdb374c682ff0b6889e9d3de4978878089cdde
data/raw/games/trust/results/trust_game_intervention_sent_50.csv	56478	74dea676e9f8b4c2bc62feab655506353c666b4e4a380f3afe49efc2442a4e82
data/raw/games/trust/results/trust_game_intervention_sent_60.csv	52260	6a0ae1961a1b18bc787f1affc96f3d2c210e27431e94057621a46a2e2d4809de
data/raw/games/trust/results/trust_game_intervention_sent_70.csv	51460	47cada2fe2cfff8d574be8daef6e4b993e00a44dbc00064f7db12ba71e3e989e
data/raw/games/trust/results/trust_game_intervention_sent_80.csv	49811	c1fee72ac06122afb5f7556e4a66faed28e66ff5649d34c2cc2da44a9b156adf
data/raw/games/trust/results/trust_game_intervention_sent_90.csv	52681	1c6e956f36eb81a8233ea766cc321200351d3973357b4e82d21206b3f8be849f
data/raw/games/ultimatum/results_20251008_201139/feature_activations.txt	4025457	dc7dfcb849bd8272185af615a61e234e02e31a2319a119294c4dd54a51bc00e0
data/raw/games/ultimatum/results_20251008_201139/ultimatum_baseline_10.csv	111938	7465359b0cdd340cf5e04c349e37b900fdc0a59761abf38b5f89715555f5b323
data/raw/games/ultimatum/results_20251008_201139/ultimatum_baseline_15.csv	115657	871b77acc5fe8372bfb7e75fafc6020d7be7aaed319459071828ab8380e8bfc8
data/raw/games/ultimatum/results_20251008_201139/ultimatum_baseline_20.csv	108220	84eef776a97324901f38ab7709e0d6ee0b6734ffed752296e03f33b076c42475
data/raw/games/ultimatum/results_20251008_201139/ultimatum_baseline_25.csv	104011	861f365254dbfbb026a604f0c6fabbeb81b97414757ea1e47dd9ee17f7c7f1ba
data/raw/games/ultimatum/results_20251008_201139/ultimatum_baseline_30.csv	103726	1f02df75a2da51aef88c64abd40a3c6a3a8d7e82364239855c3b4f2d14d88be2
data/raw/games/ultimatum/results_20251008_201139/ultimatum_baseline_35.csv	108265	4b9e912617c33451ce15a973d5a1db33a1e623387f42fffa0eb18ac45f6080b1
data/raw/games/ultimatum/results_20251008_201139/ultimatum_baseline_40.csv	105965	bc126b48028d0307cfccacd4739784ee9d2893481bf09b465ec5a743b4eaaaf5
data/raw/games/ultimatum/results_20251008_201139/ultimatum_baseline_45.csv	106809	c6e80f42991a5eb0a818bbfe12c4099c812cfcb848055394497417d5c85a76ea
data/raw/games/ultimatum/results_20251008_201139/ultimatum_baseline_50.csv	114776	be12edf43fcfc836d65130c661406ab38319ddfefc875496a667b6e979a9d8c5
data/raw/games/ultimatum/results_20251008_201139/ultimatum_baseline_55.csv	112572	d3a24ecb9193565c05dd4dc8555c83e42534adba7d955257086bc445c9719649
data/raw/games/ultimatum/results_20251008_201139/ultimatum_baseline_60.csv	118928	f243d82cdbabad9b4138d83f4e2d9144fff6aa1c0fb82a514dfd1141661e9cc4
data/raw/games/ultimatum/results_20251008_201139/ultimatum_baseline_65.csv	115519	da28e7580db205effbcf7086b53e097da3876326fa734fb0b195d7f4e8d9a71c
data/raw/games/ultimatum/results_20251008_201139/ultimatum_baseline_70.csv	116266	92b58de9b5310223604b1a66ccb828aa7a26da28e8879d6f6b495f70d4a78d6f
data/raw/games/ultimatum/results_20251008_201139/ultimatum_baseline_75.csv	114850	e7c741e388ce32331dbc714ce716cef0369b636c3e37b3a033cd58c1bdd49964
data/raw/games/ultimatum/results_20251008_201139/ultimatum_baseline_80.csv	113286	8da5b1e33908bde8dbef9e9b9a0604098b00bef547f736744cab5a1ad6bffadb
data/raw/games/ultimatum/results_20251008_201139/ultimatum_baseline_85.csv	114256	ffb127c7411dd0ecf43cf63bebc88a3dee9b35dfe1ed83111850a0131bb0ecc5
data/raw/games/ultimatum/results_20251008_201139/ultimatum_baseline_90.csv	115033	c0842391992112bb5525b5a5f210c78200a683929f949da0318c1af2a5d1e0da
data/raw/games/ultimatum/results_20251008_201139/ultimatum_experiment_summary.csv	429	4a8b51815eb6aec0b5828d35aa585a1cee11c825a1654ec84b2356c1d5979859
data/raw/games/ultimatum/results_20251008_201139/ultimatum_prompting_10.csv	123549	845af3dab6e09f3a15d1c655a5ef302f87f6d3dc67d71a72631c299d5b9ff02b
data/raw/games/ultimatum/results_20251008_201139/ultimatum_prompting_15.csv	129358	2a0dac98de94786e57da0a842bf77cc2be4ceafb3e38eca098ef68eb3d984208
data/raw/games/ultimatum/results_20251008_201139/ultimatum_prompting_20.csv	136884	b209138942d61b16d0a07e4e3c5657e9665239558e5a40cac89594dc3ffba8c2
data/raw/games/ultimatum/results_20251008_201139/ultimatum_prompting_25.csv	134120	15134a19a6178f99d6a3d457a4b2f9d1ca41992da02e7ef9734bd8f78c3224c8
data/raw/games/ultimatum/results_20251008_201139/ultimatum_prompting_30.csv	134730	bf5497e6495afdadb2d8cb103dd77185f56a95059b7607b975b5d2bc566bb587
data/raw/games/ultimatum/results_20251008_201139/ultimatum_prompting_35.csv	134483	355e0185afd9f8846d6d6285053bfc769cea3606268281c3824052a10ed6fb27
data/raw/games/ultimatum/results_20251008_201139/ultimatum_prompting_40.csv	134785	390801b30014a6a463aea63db5075a4573428beecf61269d00b84c30477d47a5
data/raw/games/ultimatum/results_20251008_201139/ultimatum_prompting_45.csv	133436	b5e900c59d317977e15af459cec730f43dbbba216be3f047c2ece60dbec917e2
data/raw/games/ultimatum/results_20251008_201139/ultimatum_prompting_50.csv	128842	951a54fcc5505b621928b216a5cd27602ee13bf4af4a6a9de91f3b5724d5ecd6
data/raw/games/ultimatum/results_20251008_201139/ultimatum_prompting_55.csv	136406	c6ed2b4539cfbebe07d1d768e18ce1e5c16c5d687c3a429dcff8deb4168a102a
data/raw/games/ultimatum/results_20251008_201139/ultimatum_prompting_60.csv	133850	657256f3c8afbedbf923125f909517d168bd1be17f3ba667819ff053d51b3d38
data/raw/games/ultimatum/results_20251008_201139/ultimatum_prompting_65.csv	136823	ad924c4c3767eabe950a96dce4b4728a99d3ad33bfe8e6dbbf4cc3dc4e3fe263
data/raw/games/ultimatum/results_20251008_201139/ultimatum_prompting_70.csv	140080	9b0e046abb301d034871b9cf55e27f29547875c249a338ba3ba7fb4c25796eb2
data/raw/games/ultimatum/results_20251008_201139/ultimatum_prompting_75.csv	140631	641004064e841165a7edba4a6fc3678cf6c46ff821f84389e15d67838946fef3
data/raw/games/ultimatum/results_20251008_201139/ultimatum_prompting_80.csv	136786	569166d405151003eb7437ca3835fa1271ac89f777992e3d58b802412d0205f5
data/raw/games/ultimatum/results_20251008_201139/ultimatum_prompting_85.csv	138174	2ec1a50821d19f53d4560eb5e26f4fe988da3d3513f60528b4ad179366efdfac
data/raw/games/ultimatum/results_20251008_201139/ultimatum_prompting_90.csv	139573	cd64c104100930ef10b56a07096a68072655fea4ad35646c11f22bd5fc994145
data/raw/games/ultimatum/results_20251008_201139/ultimatum_steering_10.csv	135953	1f372ba55ee4cd5d0d452f517945faacd9df569d889f60f0b7903da5cea5e99c
data/raw/games/ultimatum/results_20251008_201139/ultimatum_steering_15.csv	137881	57b3487fb9875194168050673f5fe47ae5990d6f68e7957b47b2291d6276ee1a
data/raw/games/ultimatum/results_20251008_201139/ultimatum_steering_20.csv	133557	38d7962229759eab380ae150ff0ab31aaf9d03bccb14a30fac1debd6c8df273a
data/raw/games/ultimatum/results_20251008_201139/ultimatum_steering_25.csv	130082	ea7610d0b8fdcc30e1b326045e1222747cf1674651f99d0f810520fe9b77edb6
data/raw/games/ultimatum/results_20251008_201139/ultimatum_steering_30.csv	130634	747be0c85a35ebf3afbd618bb5c2538259ca4e277eb8bb8a0e03c140cc8215e8
data/raw/games/ultimatum/results_20251008_201139/ultimatum_steering_35.csv	130034	84b4713d07feff4b8901bea4dccb0fe23684f26d8ce2684c9ef33cc1002b0206
data/raw/games/ultimatum/results_20251008_201139/ultimatum_steering_40.csv	130850	347c448eaf15d77bd4034cd0f35793aaecfa327a7e63fca921c0391426387add
data/raw/games/ultimatum/results_20251008_201139/ultimatum_steering_45.csv	134288	e4e8d620b66e733ed1436dfb5d54f25723f4a82f96bab8e01360b7d23a3730a4
data/raw/games/ultimatum/results_20251008_201139/ultimatum_steering_50.csv	136984	4bc60b00067d3979f9e5ed3b744a202a808e1910ed6457dfdf0a0f86bd9edb07
data/raw/games/ultimatum/results_20251008_201139/ultimatum_steering_55.csv	133964	3ecf6e2ff209b79202249eaabb75af61d8aae4bc64bc83129b1a3557e70c72b8
data/raw/games/ultimatum/results_20251008_201139/ultimatum_steering_60.csv	134360	e0c50248f49e8cf8c5a9c58bb9ef54b12f90f57ac9d68485ac718edcac0203a1
data/raw/games/ultimatum/results_20251008_201139/ultimatum_steering_65.csv	134840	848a8facd14785d7ae11a1255190e9163e52a62180db12907a886e3bd6cfc57b
data/raw/games/ultimatum/results_20251008_201139/ultimatum_steering_70.csv	140130	05684cd7174decad5f03cd03b4fbda017e7f1dd738fcd37c6fa5fa9bf1b242be
data/raw/games/ultimatum/results_20251008_201139/ultimatum_steering_75.csv	135083	c81cd9d73b79d437ba6a3eafa81433d6b0954f604631a873c9897f4471cf4ce3
data/raw/games/ultimatum/results_20251008_201139/ultimatum_steering_80.csv	136266	89ecfdebcbb8f86c76bab0096e9fe9e6ccfc1b6ff3bca28511c3966f46d581d1
data/raw/games/ultimatum/results_20251008_201139/ultimatum_steering_85.csv	137570	a05d4e6f047d58c96ee9f1ce0df8138835cd85803e119a27b1cb32d69388b134
data/raw/games/ultimatum/results_20251008_201139/ultimatum_steering_90.csv	139232	3c6c63b0f295ff94c3f0d21b557ec98f832b7ce5e7b71a091cfe3a6df7af8e2d
docs/BUILD_A_GAME.md	4185	9f0fbb8de0d06f756983beb95c8cdb978c0a1c45340f5db6d129a7d95ed1fb21
docs/DATA.md	4555	07cd51f0a6a801e6b62779591c090b6973de9fe72b9f6900289e6b18dc84cf3e
docs/GPU_REGENERATION_ROADMAP.md	6044	3f80b7f11308af26f3c3f4bc76e847991b757e23ff64d6f73abd74f2dd2201b7
docs/LABELS.md	1722	ecf51dfcb030e82d4816bf8308be3041753a5de5fb578efd459f8703b8ad42e7
docs/REPRODUCTION.md	10087	3a38502cd41a46acd4815e2e614c21c7d90c0c918eb953168efedaf13b7564de
docs/STEERING.md	5724	9e3254228b16e1adef65a22fb62804a4c565b046086d98b74d7b14be77c885b6
examples/__init__.py	44	cbb903a94e4cb09cd0b4d8941c4d24e328b4b6107b0ae1db5b11f5b0fe098319
examples/games/__init__.py	53	728e7f01d2aee1cf0e8b59f743b7fef7fd94e1157d5e093144fc966a17186dbf
examples/games/creativity.py	2687	9e1dd373b3a765fc2dd42dee6506d2f40b4a5941dcd5e41c2fdcd9e5d865e483
examples/games/safe_risky.py	2754	f30503267bdf2a0d0b7c23a9eaad91bb8e4840598dc64fbee7bf3a6438fc353e
examples/games/trust.py	2493	118e77b9af79fe88f0f1dcfbc0c3437aceb7a6eabb8ad96fe05f5c0e6d8f6863
examples/games/ultimatum.py	2709	ba5158bafa408a664a263d9c6d86b0b51609f99fb7d6b2ce08673a2e628933ed
logs/creativity_full.status	2	9a271f2a916b0b6ee6cecb2426f0b3206ef074578be55d9bc94f6f3fe3ab86aa
logs/creativity_smoke.status	2	9a271f2a916b0b6ee6cecb2426f0b3206ef074578be55d9bc94f6f3fe3ab86aa
logs/safe_risky_full.status	2	9a271f2a916b0b6ee6cecb2426f0b3206ef074578be55d9bc94f6f3fe3ab86aa
logs/safe_risky_smoke.status	2	9a271f2a916b0b6ee6cecb2426f0b3206ef074578be55d9bc94f6f3fe3ab86aa
pyproject.toml	543	98c12fecf79b4729fc46e0368698084f4cbe36af9a8b0941f68caac41c4e5117
reports/FEATURE_DESCRIPTION_SUMMARY.md	2577	ea8e26604ce7a28d9587612590ed6e9744cedde3482dc57f65bbcf34006f7c77
reports/RELEASE_COMPLETION_AUDIT.json	10679	d6a31b4ec854ff43358b198f58f84c8551f6f9428ca2c0f066e2f50fde9aee58
reports/RELEASE_COMPLETION_AUDIT.md	8882	d05b756a0258692da1cb4eeefc3313d50b0ce2b4c591957cbc556cfe70a9647e
reports/STATUS.md	2919	b42976a5dbc9245d4ee0ecfc8f78a9250927bff059ee23b98d9d775954cdb24d
reports/public_notes/label_steering_note.md	1112	929021c3eba160fc3f85d2b69cc78fe13bf07827ff293f1bbbe9b8dab01f61c8
requirements.txt	201	2a99dc71cdacf8783bc65df997c2a08ebd2d9d9ed145ae395c5773f148f37860
runpod/RUNPOD_H100.md	1160	f9aae166aeee926b5ac94d3da4cefe96e7250e19257655a2a3f12bf23969cfc6
runpod/run_creativity_open_sae_steering.sh	2874	856fc4b9703f17769d0e15980c743839333f5454a3adbdfd52c912c7dbca32af
runpod/run_remaining_games_open_sae.sh	1741	d57e7308b91eab16a4581094de38b9019c8135821641dc39b7b0057cc6f38ebf
runpod/run_safe_risky_five_condition_open_sae.sh	1333	62189ef67d466f2890c813b7957a177d0b7d002952dd04f2a4db754cbf9fe486
runs/creativity_open_sae_steering_40agent/open_sae/feature_label_cache.json	15581	ac844748d7f25b482ce6fb86e3817391e3f12d956aed96bc2511a3bf8eb5dcbb
runs/creativity_open_sae_steering_40agent/open_sae/open_sae_condition_top_features.csv	2530	17288c70c7866109f10b195866e8b2746ae6b7edccfcc412decbc7ca411b67cf
runs/creativity_open_sae_steering_40agent/open_sae/open_sae_feature_activations.csv	1465586	a4d9525749f6a3e63c9890c8418e45b4ccc4d7043e85cfebd2e0a512127e8e8e
runs/creativity_open_sae_steering_40agent/open_sae/open_sae_feature_activations.jsonl	525746	198f71b4567b73fe13d0894150cf5861515f0cb5908f310d5f28c8b75c1eaee4
runs/creativity_open_sae_steering_40agent/open_sae/open_sae_feature_summary.csv	47829	e1d75e4b074f82f2d9b424b80790e3b3108e5214921f4c2d3b69f39a3e309c3d
runs/creativity_open_sae_steering_40agent/open_sae/open_sae_figure4_replacement_top_features.png	121752	4ba31f41344a71b37c90027c00ae42d670a9635303877866b0a3d0f021c19ee3
runs/creativity_open_sae_steering_40agent/open_sae/open_sae_metadata.json	4337	5e2cc3c600993d0646ca8a000982f31ab1167b7eae039a54e68547748599849e
runs/creativity_open_sae_steering_40agent/open_sae/open_sae_per_response_top_activation_diagnostics.png	67371	71f138a75747f2da600257b6d4a0866da38c0d6ed2d8c8c865b11d89be58e847
runs/creativity_open_sae_steering_40agent/open_sae/open_sae_response_units.csv	248243	d156c42f99009de80a499205968f358bc7018e13dea5eb202d44051e446fac1a
runs/creativity_open_sae_steering_40agent/open_sae_steering_feature_metadata.csv	626	d8fdd98738c2f55d1169f14087d2f15398173309e9865db0a2601aa8cbe3cf39
runs/creativity_open_sae_steering_40agent/open_sae_steering_metadata.json	1629	535feea50a28c03e2a7910b9fd3e26c09bdfb940a9383a1b48cebbc90cec024c
runs/creativity_open_sae_steering_40agent/open_sae_steering_trace.jsonl	66130	b36de6925cbfc2d26268439ea85fe3d29491f49ddd612a726082b68a6a1c3225
runs/creativity_open_sae_steering_40agent/response_units.csv	362004	f184766d06082953872429dd2266ca7048dc4aaa3426f803cd039df697600f6b
runs/creativity_open_sae_steering_40agent/response_units.jsonl	391400	7bc934a2b900d02878a463e65798d169bef0898a29061b0805cbce72ed8cad85
runs/creativity_open_sae_steering_40agent/run_manifest.json	413	475981f57eefef881ef01a06cfa0376eb019f65854a34e23d12b083ecaa03ccc
runs/creativity_open_sae_steering_40agent/source_prompt_units.csv	163190	ae847e19a1281f33aa1cc1d6a383b4276d89f8482c7aa1234146f7e1b9d515ec
runs/creativity_open_sae_steering_smoke/open_sae/feature_label_cache.json	15495	4babbdddd36d96b2071a4cdc4e5c3e945cda18e833ee29f6498b8804ae8e47a4
runs/creativity_open_sae_steering_smoke/open_sae/open_sae_condition_top_features.csv	2177	e29e7d2eea12c26b6c81d1739e23b625373a59e5ad451ed2b55f2be37f07289a
runs/creativity_open_sae_steering_smoke/open_sae/open_sae_feature_activations.csv	62768	a031bf76d0e020f64ab524a6a980d8bebf6add29cc3b6a694d2fec5a70bf19dc
runs/creativity_open_sae_steering_smoke/open_sae/open_sae_feature_activations.jsonl	24105	d1bbf701e00d90d6fbd338568c740ee164c8b30b3acda43dbecbd07911c71af9
runs/creativity_open_sae_steering_smoke/open_sae/open_sae_feature_summary.csv	40805	9ba14f037cc29f65dc51e9d7b675ce587e8c6d605e582ece57ae85a67aede48b
runs/creativity_open_sae_steering_smoke/open_sae/open_sae_figure4_replacement_top_features.png	122623	d449e5e9f0bef2074ba5dab56d51e9a5f06515c708d1f212837ad2d5f0649dbf
runs/creativity_open_sae_steering_smoke/open_sae/open_sae_metadata.json	4313	2fd3aa7a0c99fefe47082c78cf121990941ec6ad7e9a82e4df89d9609491b83d
runs/creativity_open_sae_steering_smoke/open_sae/open_sae_per_response_top_activation_diagnostics.png	62611	ddcab0fab3654fb6454433e975af50782402f0e1831bfaaf27d33280b8996b09
runs/creativity_open_sae_steering_smoke/open_sae/open_sae_response_units.csv	10407	ef9d82ccd6b5d218f6a6f9d8f709276a403e4d4acfac99abcbe1183e8e170b71
runs/creativity_open_sae_steering_smoke/open_sae_steering_feature_metadata.csv	626	d8fdd98738c2f55d1169f14087d2f15398173309e9865db0a2601aa8cbe3cf39
runs/creativity_open_sae_steering_smoke/open_sae_steering_metadata.json	1625	00e129b6c1b290397d3f73a54545ff0ebad4ad6e3b99ba2dabbaa6eae49be044
runs/creativity_open_sae_steering_smoke/open_sae_steering_trace.jsonl	3199	537be4ddf45d1b19867fc9dad96d4a8742e31865b90c542a5c6423c7e74890c1
runs/creativity_open_sae_steering_smoke/response_units.csv	15844	f253632f5f1c4c3cb50c4434b7ba85d576e7f844756d812d9006402f00a90b27
runs/creativity_open_sae_steering_smoke/response_units.jsonl	17060	d28f40cc6db31c4d5d459f02151c465fd43338566e1b7b54a39ef50f677aa3ba
runs/creativity_open_sae_steering_smoke/run_manifest.json	412	a5b1a996a4984af23b28f91721b43ccb50f71bfe0cf026ef277a1b484900f53e
runs/creativity_open_sae_steering_smoke/source_prompt_units.csv	7996	c0e5a3aabe11b628774a5d58eb8a4f8636646db939443f8fb08f38ccd93199cf
runs/safe_risky_five_condition_open_sae_smoke/feature_label_cache.json	8197	647e7417a98e63229a7cd376ff0d39bdf7f9a132673245f823597775a003c228
runs/safe_risky_five_condition_open_sae_smoke/open_sae_condition_reward_top_features.csv	1094	9cb7e93a73efd08f6ff7cba63f7d201cf5b7c9c4098fa1c27dd3a8c33a9655a2
runs/safe_risky_five_condition_open_sae_smoke/open_sae_condition_top_features.csv	1057	55cf1fdb16231381d9e8d064840445758160f5fef38dc6345a78edb0e60573a9
runs/safe_risky_five_condition_open_sae_smoke/open_sae_feature_activations.csv	64659	0360c6965e678583238ccea4c6773c412ba8da50424f555f7eca8b9ad201892f
runs/safe_risky_five_condition_open_sae_smoke/open_sae_feature_activations.jsonl	35976	2b1ccd8a373e83bf5fbc6d3c2c2d6f80c5b6273b3c8e0e31a0d4dfd8e2d808f9
runs/safe_risky_five_condition_open_sae_smoke/open_sae_feature_summary.csv	38682	ef704b54386c4cb81c6fd5aae747eb6064509220e6acdfbddd621343cf83c2bf
runs/safe_risky_five_condition_open_sae_smoke/open_sae_metadata.json	360190	d2f67ab17404a882f9773ae8df8eac3b8abb99455082856033e5ae014b3ca2b3
runs/safe_risky_five_condition_open_sae_smoke/open_sae_per_response_top_activation_diagnostics.png	56811	8075d0d784ed4bb8ca24f1af37b32eebd26a5099cf1d80f1d3dc4db0abf6f99c
runs/safe_risky_five_condition_open_sae_smoke/open_sae_response_units.csv	8759	4808b37f720322d5dbf777842cece6e6cc8480faaf726e2c377bf9a2485d2aab
runs/safe_risky_five_condition_open_sae_smoke/safe_risky_behavior_summary.csv	211	fb127915c819a79ff232593e38165d2f432c8a536b5f9df9c8ab1f31a7638ecc
runs/safe_risky_five_condition_open_sae_smoke/safe_risky_choice_rates_from_saved_outputs.png	82671	88f65a5d135ea9e302f184756ff3ab98e784630417a05ab692ac40f1db9fdbfd
runs/safe_risky_five_condition_open_sae_smoke/safe_risky_open_sae_top_feature_by_reward.png	52851	5db6ad9b06a649be7b85d26e75a0b0cfd3df6379941d883231914422d7c3ec9d
scripts/analyze_open_sae_ablation.py	12560	957881c5ffeb0ccb99c8d70c3a7d0566d3b3f0031c6b9444991c3ddf6236d716
scripts/build_data_manifest.py	3679	ac50906f21013c9e94a837ad5c6882e88d7a98bf0d11a449af39568ab306e8c4
scripts/build_feature_description_bundle.py	10553	368481944cbb3bdd35d2b1f25ca47f0b766912c47e4338d9c1a5a890b768011e
scripts/build_release_completion_audit.py	24688	b29bde847352a9ae98c52aa331c3441c5e8863390bbc09608447085af727feee
scripts/build_release_zip.py	2920	f4519dafd06348841a39d149602b2a00098e3f8264e7719b6c2c83b253f5e696
scripts/check_environment.py	5847	356c6b4345a135e071eeb9f24e9058f3b473abb992823f62a54ae3bf43cbae1f
scripts/extract_steering_provenance.py	9202	4876b3a2311b42ac752e98bf887654bfe3913224bcf4f2350f495b3f9ed1489b
scripts/rerun_creativity_torrance_eval.py	29523	f27fe88732eeb4f97cbd3509648f9b9058bc13614ae71df3a47b0a2c9919ea75
scripts/run_edsl_social_simulation.py	3791	939996f822537e8ee5789d2d9d9032f3bf07cbeebef94e674ba75f3c47fbda50
scripts/run_open_sae_feature_inspection.py	107693	a6b393d722f2d0abe1728b466a53f570c2443021b784d6d5d2dcb485d3b30136
scripts/run_open_sae_steering_generation.py	36325	001c1dc625a76ff7be79f3581d9d5dadd05c9a43f0a4d69eab598edbeed22f8f
social_sim_open_sae/__init__.py	351	0f928ed953e6ec9635d46d81a0ab6c6f7c1b9dea1b81ec16dcdb195e869fa6c7
social_sim_open_sae/edsl_adapter.py	19099	874e60a80dadd36cb4d9a31efef70dffb40addc33cd62dd3544c2fd1fd1e46e2
social_sim_open_sae/game_spec.py	2878	e451d67a86c38a7477444757bdf9049dabaf4595dd12341bce0e0b2cc66cb973
tests/verify_no_secrets.py	1622	71cd9acdab3a991bfdbf721f9f36da03142e416ffb5493932d9ca32dd7747c8a
tests/verify_platform_smoke.py	8601	99d25357afbbde3b494db3387687831085978b0b83beb9267bdb616e291eea51
tests/verify_release_anonymity.py	2650	bb287e12fc833d533a3a951072e48c7a8b6277dc496138ec8ea3fd161f4c8cc5
tests/verify_release_artifacts.py	20910	35a168e31f30d6764eac512c457f89fab0768654db0ecb20e11049e0fca6692b
