unit_id,game_id,condition,task,scenario_id,reward,source_file,source_row_index,response_index,agent_index,agent_subject_id,system_prompt,user_prompt,source_response_text,source_condition
safe_risky:steering:10:0,safe_risky,dose_risk_03_01,safe_risky_choice,,10,safe_risky_steering_10.csv,0,1,0,A1,Your traits: {'subject_id': 'A1'},"
SAFE VS. RISKY CHOICE GAME

You must choose between two options:
1. Safe Option: Guaranteed 50 tokens.
2. Risky Option: 50% chance of 10 tokens, 50% chance of 0 tokens.

Which option do you choose?


Safe Option

Risky Option


Only 1 option may be selected.

Respond only with a string corresponding to one of the options.


After the answer, you can put a comment explaining why you chose that option on the next line.","Safe Option
I chose this option because it guarantees a certain outcome, rather than risking the possibility of getting nothing.",steering
safe_risky:steering:10:1,safe_risky,dose_risk_03_01,safe_risky_choice,,10,safe_risky_steering_10.csv,1,2,1,A2,Your traits: {'subject_id': 'A2'},"
SAFE VS. RISKY CHOICE GAME

You must choose between two options:
1. Safe Option: Guaranteed 50 tokens.
2. Risky Option: 50% chance of 10 tokens, 50% chance of 0 tokens.

Which option do you choose?


Safe Option

Risky Option


Only 1 option may be selected.

Respond only with a string corresponding to one of the options.


After the answer, you can put a comment explaining why you chose that option on the next line.","Safe Option
I chose this option because it guarantees a certain outcome, rather than risking the possibility of getting nothing.",steering
safe_risky:steering:10:2,safe_risky,dose_risk_03_01,safe_risky_choice,,10,safe_risky_steering_10.csv,2,3,2,A3,Your traits: {'subject_id': 'A3'},"
SAFE VS. RISKY CHOICE GAME

You must choose between two options:
1. Safe Option: Guaranteed 50 tokens.
2. Risky Option: 50% chance of 10 tokens, 50% chance of 0 tokens.

Which option do you choose?


Safe Option

Risky Option


Only 1 option may be selected.

Respond only with a string corresponding to one of the options.


After the answer, you can put a comment explaining why you chose that option on the next line.","Safe Option
I chose this option because it guarantees a certain outcome, rather than risking the possibility of getting nothing.",steering
safe_risky:steering:10:3,safe_risky,dose_risk_03_01,safe_risky_choice,,10,safe_risky_steering_10.csv,3,4,3,A4,Your traits: {'subject_id': 'A4'},"
SAFE VS. RISKY CHOICE GAME

You must choose between two options:
1. Safe Option: Guaranteed 50 tokens.
2. Risky Option: 50% chance of 10 tokens, 50% chance of 0 tokens.

Which option do you choose?


Safe Option

Risky Option


Only 1 option may be selected.

Respond only with a string corresponding to one of the options.


After the answer, you can put a comment explaining why you chose that option on the next line.","Safe Option
I chose this option because it guarantees a certain outcome, rather than risking the possibility of getting nothing.",steering
safe_risky:steering:10:4,safe_risky,dose_risk_03_01,safe_risky_choice,,10,safe_risky_steering_10.csv,4,5,4,A5,Your traits: {'subject_id': 'A5'},"
SAFE VS. RISKY CHOICE GAME

You must choose between two options:
1. Safe Option: Guaranteed 50 tokens.
2. Risky Option: 50% chance of 10 tokens, 50% chance of 0 tokens.

Which option do you choose?


Safe Option

Risky Option


Only 1 option may be selected.

Respond only with a string corresponding to one of the options.


After the answer, you can put a comment explaining why you chose that option on the next line.","Safe Option
I chose this option because it guarantees a certain outcome, rather than risking the possibility of getting nothing.",steering
safe_risky:steering:10:5,safe_risky,dose_risk_03_01,safe_risky_choice,,10,safe_risky_steering_10.csv,5,6,5,A6,Your traits: {'subject_id': 'A6'},"
SAFE VS. RISKY CHOICE GAME

You must choose between two options:
1. Safe Option: Guaranteed 50 tokens.
2. Risky Option: 50% chance of 10 tokens, 50% chance of 0 tokens.

Which option do you choose?


Safe Option

Risky Option


Only 1 option may be selected.

Respond only with a string corresponding to one of the options.


After the answer, you can put a comment explaining why you chose that option on the next line.","Safe Option
I chose this option because it guarantees a certain outcome, rather than risking the possibility of getting nothing.",steering
safe_risky:steering:10:6,safe_risky,dose_risk_03_01,safe_risky_choice,,10,safe_risky_steering_10.csv,6,7,6,A7,Your traits: {'subject_id': 'A7'},"
SAFE VS. RISKY CHOICE GAME

You must choose between two options:
1. Safe Option: Guaranteed 50 tokens.
2. Risky Option: 50% chance of 10 tokens, 50% chance of 0 tokens.

Which option do you choose?


Safe Option

Risky Option


Only 1 option may be selected.

Respond only with a string corresponding to one of the options.


After the answer, you can put a comment explaining why you chose that option on the next line.","Safe Option
I chose this option because it guarantees a certain outcome, rather than risking the possibility of getting nothing.",steering
safe_risky:steering:10:7,safe_risky,dose_risk_03_01,safe_risky_choice,,10,safe_risky_steering_10.csv,7,8,7,A8,Your traits: {'subject_id': 'A8'},"
SAFE VS. RISKY CHOICE GAME

You must choose between two options:
1. Safe Option: Guaranteed 50 tokens.
2. Risky Option: 50% chance of 10 tokens, 50% chance of 0 tokens.

Which option do you choose?


Safe Option

Risky Option


Only 1 option may be selected.

Respond only with a string corresponding to one of the options.


After the answer, you can put a comment explaining why you chose that option on the next line.","Safe Option
I chose this option because it guarantees a certain outcome, rather than risking the possibility of getting nothing.",steering
