unit_id,game_id,condition,source_condition,task,scenario_id,reward,source_file,source_row_index,response_index,agent_index,agent_subject_id,answer_text,comment_text,system_prompt,user_prompt,response_text,source_response_text,generation_model,generation_output_dir,generated_answer_parse_status
open_sae_steered:trust:baseline:10:0,trust,baseline,,trust_return,,10,trust_game_baseline_sent_10.csv,0,1,0,A1,10,"10
I chose to return 10 tokens to Player A because it's a fair amount considering they initially sent me 10 tokens, and tripling it doesn't necessarily obligate me to return more than the original amount they risked.","You are participating in an economic experiment at a research lab. Please behave as a typical participant would:

1. Read all instructions carefully
2. Make thoughtful decisions based on the monetary incentives provided
3. Consider the consequences of your choices for both yourself and other participants
4. Answer honestly and to the best of your ability

Your decisions will have monetary consequences in the experiment, so please consider them carefully.Your traits: {'subject_id': 'A1'}","TRUST GAME EXPERIMENT - PLAYER B (RECEIVER)

You are participating in a Trust Game with another participant. Here's how it works:

1. The 'sender' (Player A) was given 100 tokens and chose to send some portion to you.
2. The amount sent to you has been TRIPLED.
3. You now need to decide how much to return to Player A.
4. You can return any amount from 0 up to the tripled amount you received.
5. You keep any tokens you don't return.

Player A sent you 10 tokens, which has been tripled to 30 tokens.

How much would you like to return to Player A?


    Maximum answer value: 30
This question requires a numerical response in the form of an integer or decimal (e.g., -12, 0, 1, 2, 3.45, ...).
Respond with just your number on a single line.
If your response is equivalent to zero, report '0'


After the answer, put a comment explaining your choice on the next line.","10
I chose to return 10 tokens to Player A because it's a fair amount considering they initially sent me 10 tokens, and tripling it doesn't necessarily obligate me to return more than the original amount they risked.","15
I chose to return half of the tripled amount to Player A, as this seems like a fair response to their decision to trust me with some of their tokens, and it also allows me to keep a significant portion of the tokens for myself.",meta-llama/Llama-3.3-70B-Instruct,runs/open_sae_dose_sweeps/smoke/trust/trust_06_06_05_05,parsed_trust_numeric
open_sae_steered:trust:intervention:10:0,trust,intervention,,trust_return,,10,trust_game_intervention_sent_10.csv,0,1,0,A1,10,"10
I chose to return 10 tokens to Player A because it's a fair amount considering they initially sent me 10 tokens, and tripling it doesn't necessarily obligate me to return more than the original amount they risked.","You are participating in an economic experiment at a research lab. Please behave as a typical participant would:

1. Read all instructions carefully
2. Make thoughtful decisions based on the monetary incentives provided
3. Consider the consequences of your choices for both yourself and other participants
4. Answer honestly and to the best of your ability

Your decisions will have monetary consequences in the experiment, so please consider them carefully.Your traits: {'subject_id': 'A1'}","TRUST GAME EXPERIMENT - PLAYER B (RECEIVER)

You are participating in a Trust Game with another participant. Here's how it works:

1. The 'sender' (Player A) was given 100 tokens and chose to send some portion to you.
2. The amount sent to you has been TRIPLED.
3. You now need to decide how much to return to Player A.
4. You can return any amount from 0 up to the tripled amount you received.
5. You keep any tokens you don't return.

Player A sent you 10 tokens, which has been tripled to 30 tokens.

How much would you like to return to Player A?


    Maximum answer value: 30
This question requires a numerical response in the form of an integer or decimal (e.g., -12, 0, 1, 2, 3.45, ...).
Respond with just your number on a single line.
If your response is equivalent to zero, report '0'


After the answer, put a comment explaining your choice on the next line.","10
I chose to return 10 tokens to Player A because it's a fair amount considering they initially sent me 10 tokens, and tripling it doesn't necessarily obligate me to return more than the original amount they risked.","30

I'm returning the full amount because I believe that Player A has shown enough faith in me by sending 10 tokens, and I want to demonstrate my own faith in them by reciprocating with the tripled amount. This will likely lead to a better outcome for both of us in the long run.",meta-llama/Llama-3.3-70B-Instruct,runs/open_sae_dose_sweeps/smoke/trust/trust_06_06_05_05,parsed_trust_numeric
open_sae_steered:trust:baseline:10:1,trust,baseline,,trust_return,,10,trust_game_baseline_sent_10.csv,1,2,1,A2,10,"10
I chose to return 10 tokens to Player A because it's a fair amount considering they initially sent me 10 tokens, and tripling it doesn't necessarily obligate me to return more than the original amount they risked.","You are participating in an economic experiment at a research lab. Please behave as a typical participant would:

1. Read all instructions carefully
2. Make thoughtful decisions based on the monetary incentives provided
3. Consider the consequences of your choices for both yourself and other participants
4. Answer honestly and to the best of your ability

Your decisions will have monetary consequences in the experiment, so please consider them carefully.Your traits: {'subject_id': 'A2'}","TRUST GAME EXPERIMENT - PLAYER B (RECEIVER)

You are participating in a Trust Game with another participant. Here's how it works:

1. The 'sender' (Player A) was given 100 tokens and chose to send some portion to you.
2. The amount sent to you has been TRIPLED.
3. You now need to decide how much to return to Player A.
4. You can return any amount from 0 up to the tripled amount you received.
5. You keep any tokens you don't return.

Player A sent you 10 tokens, which has been tripled to 30 tokens.

How much would you like to return to Player A?


    Maximum answer value: 30
This question requires a numerical response in the form of an integer or decimal (e.g., -12, 0, 1, 2, 3.45, ...).
Respond with just your number on a single line.
If your response is equivalent to zero, report '0'


After the answer, put a comment explaining your choice on the next line.","10
I chose to return 10 tokens to Player A because it's a fair amount considering they initially sent me 10 tokens, and tripling it doesn't necessarily obligate me to return more than the original amount they risked.","15
I chose to return half of the tripled amount (30 tokens) to Player A, which is 15 tokens, as a way to reciprocate their trust while also keeping a significant portion for myself, balancing fairness and self-interest.",meta-llama/Llama-3.3-70B-Instruct,runs/open_sae_dose_sweeps/smoke/trust/trust_06_06_05_05,parsed_trust_numeric
open_sae_steered:trust:intervention:10:1,trust,intervention,,trust_return,,10,trust_game_intervention_sent_10.csv,1,2,1,A2,10,"10
I chose to return 10 tokens to Player A because it's a fair amount considering they initially sent me 10 tokens, and tripling it doesn't necessarily obligate me to return more than the original amount they risked.","You are participating in an economic experiment at a research lab. Please behave as a typical participant would:

1. Read all instructions carefully
2. Make thoughtful decisions based on the monetary incentives provided
3. Consider the consequences of your choices for both yourself and other participants
4. Answer honestly and to the best of your ability

Your decisions will have monetary consequences in the experiment, so please consider them carefully.Your traits: {'subject_id': 'A2'}","TRUST GAME EXPERIMENT - PLAYER B (RECEIVER)

You are participating in a Trust Game with another participant. Here's how it works:

1. The 'sender' (Player A) was given 100 tokens and chose to send some portion to you.
2. The amount sent to you has been TRIPLED.
3. You now need to decide how much to return to Player A.
4. You can return any amount from 0 up to the tripled amount you received.
5. You keep any tokens you don't return.

Player A sent you 10 tokens, which has been tripled to 30 tokens.

How much would you like to return to Player A?


    Maximum answer value: 30
This question requires a numerical response in the form of an integer or decimal (e.g., -12, 0, 1, 2, 3.45, ...).
Respond with just your number on a single line.
If your response is equivalent to zero, report '0'


After the answer, put a comment explaining your choice on the next line.","10
I chose to return 10 tokens to Player A because it's a fair amount considering they initially sent me 10 tokens, and tripling it doesn't necessarily obligate me to return more than the original amount they risked.","30

I'm returning the full amount because I believe that Player A has shown enough faith in me by sending 10 tokens, and I want to demonstrate my own faith in them by reciprocating with the tripled amount. This will likely lead to a better outcome for both of us in the long run.",meta-llama/Llama-3.3-70B-Instruct,runs/open_sae_dose_sweeps/smoke/trust/trust_06_06_05_05,parsed_trust_numeric
open_sae_steered:trust:baseline:10:2,trust,baseline,,trust_return,,10,trust_game_baseline_sent_10.csv,2,3,2,A3,10,"10
I chose to return 10 tokens to Player A because it's a fair amount considering they initially sent me 10 tokens, and tripling it doesn't necessarily obligate me to return more than the original amount they risked.","You are participating in an economic experiment at a research lab. Please behave as a typical participant would:

1. Read all instructions carefully
2. Make thoughtful decisions based on the monetary incentives provided
3. Consider the consequences of your choices for both yourself and other participants
4. Answer honestly and to the best of your ability

Your decisions will have monetary consequences in the experiment, so please consider them carefully.Your traits: {'subject_id': 'A3'}","TRUST GAME EXPERIMENT - PLAYER B (RECEIVER)

You are participating in a Trust Game with another participant. Here's how it works:

1. The 'sender' (Player A) was given 100 tokens and chose to send some portion to you.
2. The amount sent to you has been TRIPLED.
3. You now need to decide how much to return to Player A.
4. You can return any amount from 0 up to the tripled amount you received.
5. You keep any tokens you don't return.

Player A sent you 10 tokens, which has been tripled to 30 tokens.

How much would you like to return to Player A?


    Maximum answer value: 30
This question requires a numerical response in the form of an integer or decimal (e.g., -12, 0, 1, 2, 3.45, ...).
Respond with just your number on a single line.
If your response is equivalent to zero, report '0'


After the answer, put a comment explaining your choice on the next line.","10
I chose to return 10 tokens to Player A because it's a fair amount considering they initially sent me 10 tokens, and tripling it doesn't necessarily obligate me to return more than the original amount they risked.","15
I chose to return half of the tripled amount (30 tokens) to Player A, which is 15 tokens, as a way to reciprocate their trust and demonstrate fairness, while also keeping half for myself as a reward for participating in the game.",meta-llama/Llama-3.3-70B-Instruct,runs/open_sae_dose_sweeps/smoke/trust/trust_06_06_05_05,parsed_trust_numeric
open_sae_steered:trust:intervention:10:2,trust,intervention,,trust_return,,10,trust_game_intervention_sent_10.csv,2,3,2,A3,10,"10
I chose to return 10 tokens to Player A because it's a fair amount considering they initially sent me 10 tokens, and tripling it doesn't necessarily obligate me to return more than the original amount they risked.","You are participating in an economic experiment at a research lab. Please behave as a typical participant would:

1. Read all instructions carefully
2. Make thoughtful decisions based on the monetary incentives provided
3. Consider the consequences of your choices for both yourself and other participants
4. Answer honestly and to the best of your ability

Your decisions will have monetary consequences in the experiment, so please consider them carefully.Your traits: {'subject_id': 'A3'}","TRUST GAME EXPERIMENT - PLAYER B (RECEIVER)

You are participating in a Trust Game with another participant. Here's how it works:

1. The 'sender' (Player A) was given 100 tokens and chose to send some portion to you.
2. The amount sent to you has been TRIPLED.
3. You now need to decide how much to return to Player A.
4. You can return any amount from 0 up to the tripled amount you received.
5. You keep any tokens you don't return.

Player A sent you 10 tokens, which has been tripled to 30 tokens.

How much would you like to return to Player A?


    Maximum answer value: 30
This question requires a numerical response in the form of an integer or decimal (e.g., -12, 0, 1, 2, 3.45, ...).
Respond with just your number on a single line.
If your response is equivalent to zero, report '0'


After the answer, put a comment explaining your choice on the next line.","10
I chose to return 10 tokens to Player A because it's a fair amount considering they initially sent me 10 tokens, and tripling it doesn't necessarily obligate me to return more than the original amount they risked.","30

I'm returning the amount I received because I believe Player A sent me 10 tokens, which is a significant portion of the original amount, indicating they have some level to trust me, so I will reciprocate that trust.",meta-llama/Llama-3.3-70B-Instruct,runs/open_sae_dose_sweeps/smoke/trust/trust_06_06_05_05,parsed_trust_numeric
open_sae_steered:trust:baseline:10:3,trust,baseline,,trust_return,,10,trust_game_baseline_sent_10.csv,3,4,3,A4,10,"10
I chose to return 10 tokens to Player A because it's a fair amount considering they initially sent me 10 tokens, and tripling it doesn't necessarily obligate me to return more than the original amount they risked.","You are participating in an economic experiment at a research lab. Please behave as a typical participant would:

1. Read all instructions carefully
2. Make thoughtful decisions based on the monetary incentives provided
3. Consider the consequences of your choices for both yourself and other participants
4. Answer honestly and to the best of your ability

Your decisions will have monetary consequences in the experiment, so please consider them carefully.Your traits: {'subject_id': 'A4'}","TRUST GAME EXPERIMENT - PLAYER B (RECEIVER)

You are participating in a Trust Game with another participant. Here's how it works:

1. The 'sender' (Player A) was given 100 tokens and chose to send some portion to you.
2. The amount sent to you has been TRIPLED.
3. You now need to decide how much to return to Player A.
4. You can return any amount from 0 up to the tripled amount you received.
5. You keep any tokens you don't return.

Player A sent you 10 tokens, which has been tripled to 30 tokens.

How much would you like to return to Player A?


    Maximum answer value: 30
This question requires a numerical response in the form of an integer or decimal (e.g., -12, 0, 1, 2, 3.45, ...).
Respond with just your number on a single line.
If your response is equivalent to zero, report '0'


After the answer, put a comment explaining your choice on the next line.","10
I chose to return 10 tokens to Player A because it's a fair amount considering they initially sent me 10 tokens, and tripling it doesn't necessarily obligate me to return more than the original amount they risked.","15
I chose to return half of the tripled amount I received, which is a common strategy in trust games, as it balances reciprocating the sender's trust with also keeping a significant portion of the tokens for myself.",meta-llama/Llama-3.3-70B-Instruct,runs/open_sae_dose_sweeps/smoke/trust/trust_06_06_05_05,parsed_trust_numeric
open_sae_steered:trust:intervention:10:3,trust,intervention,,trust_return,,10,trust_game_intervention_sent_10.csv,3,4,3,A4,10,"10
I chose to return 10 tokens to Player A because it's a fair amount considering they initially sent me 10 tokens, and tripling it doesn't necessarily obligate me to return more than the original amount they risked.","You are participating in an economic experiment at a research lab. Please behave as a typical participant would:

1. Read all instructions carefully
2. Make thoughtful decisions based on the monetary incentives provided
3. Consider the consequences of your choices for both yourself and other participants
4. Answer honestly and to the best of your ability

Your decisions will have monetary consequences in the experiment, so please consider them carefully.Your traits: {'subject_id': 'A4'}","TRUST GAME EXPERIMENT - PLAYER B (RECEIVER)

You are participating in a Trust Game with another participant. Here's how it works:

1. The 'sender' (Player A) was given 100 tokens and chose to send some portion to you.
2. The amount sent to you has been TRIPLED.
3. You now need to decide how much to return to Player A.
4. You can return any amount from 0 up to the tripled amount you received.
5. You keep any tokens you don't return.

Player A sent you 10 tokens, which has been tripled to 30 tokens.

How much would you like to return to Player A?


    Maximum answer value: 30
This question requires a numerical response in the form of an integer or decimal (e.g., -12, 0, 1, 2, 3.45, ...).
Respond with just your number on a single line.
If your response is equivalent to zero, report '0'


After the answer, put a comment explaining your choice on the next line.","10
I chose to return 10 tokens to Player A because it's a fair amount considering they initially sent me 10 tokens, and tripling it doesn't necessarily obligate me to return more than the original amount they risked.","30

I'm returning the full amount because I believe that Player A has shown enough faith in me by sending 10 tokens, and I want to demonstrate my own faith in them by reciprocating with the tripled amount. This will likely lead to a better outcome for both of us in the long run.",meta-llama/Llama-3.3-70B-Instruct,runs/open_sae_dose_sweeps/smoke/trust/trust_06_06_05_05,parsed_trust_numeric
