unit_id,dataset_kind,condition,task,source_file,source_row_index,response_index,agent_index,agent_subject_id,reward,answer_text,comment_text,system_prompt,user_prompt,response_text
safe_risky:baseline:10:0,safe_risky,baseline,safe_risky_choice,safe_risky_baseline_10.csv,0,1,0,A1,10,Safe Option,"# I chose the Safe Option because it guarantees a certain amount of tokens, whereas the Risky Option has a 50% chance of resulting in no tokens, making the Safe Option a more reliable choice.",Your traits: {'subject_id': 'A1'},"
SAFE VS. RISKY CHOICE GAME

You must choose between two options:
1. Safe Option: Guaranteed 50 tokens.
2. Risky Option: 50% chance of 10 tokens, 50% chance of 0 tokens.

Which option do you choose?

    
Safe Option
    
Risky Option
    

Only 1 option may be selected.

Respond only with a string corresponding to one of the options.


After the answer, you can put a comment explaining why you chose that option on the next line.","Safe Option
# I chose the Safe Option because it guarantees a certain amount of tokens, whereas the Risky Option has a 50% chance of resulting in no tokens, making the Safe Option a more reliable choice."
safe_risky:baseline:10:1,safe_risky,baseline,safe_risky_choice,safe_risky_baseline_10.csv,1,2,1,A2,10,Safe Option,"I chose this option because it provides a guaranteed outcome, whereas the Risky Option has a 50% chance of resulting in no tokens, which could be considered a loss. The expected value of the Risky Option is 5 tokens (0.5 * 10 + 0.5 * 0), which is less than the guaranteed 50 tokens from the Safe Option.",Your traits: {'subject_id': 'A2'},"
SAFE VS. RISKY CHOICE GAME

You must choose between two options:
1. Safe Option: Guaranteed 50 tokens.
2. Risky Option: 50% chance of 10 tokens, 50% chance of 0 tokens.

Which option do you choose?

    
Safe Option
    
Risky Option
    

Only 1 option may be selected.

Respond only with a string corresponding to one of the options.


After the answer, you can put a comment explaining why you chose that option on the next line.","Safe Option
I chose this option because it provides a guaranteed outcome, whereas the Risky Option has a 50% chance of resulting in no tokens, which could be considered a loss. The expected value of the Risky Option is 5 tokens (0.5 * 10 + 0.5 * 0), which is less than the guaranteed 50 tokens from the Safe Option."
safe_risky:baseline:10:2,safe_risky,baseline,safe_risky_choice,safe_risky_baseline_10.csv,2,3,2,A3,10,Safe Option,"I chose this option because it provides a guaranteed outcome, whereas the Risky Option has a 50% chance of resulting in 0 tokens, which is an unfavorable outcome compared to the certain gain of 50 tokens from the Safe Option.",Your traits: {'subject_id': 'A3'},"
SAFE VS. RISKY CHOICE GAME

You must choose between two options:
1. Safe Option: Guaranteed 50 tokens.
2. Risky Option: 50% chance of 10 tokens, 50% chance of 0 tokens.

Which option do you choose?

    
Safe Option
    
Risky Option
    

Only 1 option may be selected.

Respond only with a string corresponding to one of the options.


After the answer, you can put a comment explaining why you chose that option on the next line.","Safe Option
I chose this option because it provides a guaranteed outcome, whereas the Risky Option has a 50% chance of resulting in 0 tokens, which is an unfavorable outcome compared to the certain gain of 50 tokens from the Safe Option."
safe_risky:baseline:10:3,safe_risky,baseline,safe_risky_choice,safe_risky_baseline_10.csv,3,4,3,A4,10,Safe Option,"# I chose the Safe Option because it guarantees a certain amount of tokens, whereas the Risky Option has a 50% chance of resulting in no tokens, making the Safe Option a more reliable choice.",Your traits: {'subject_id': 'A4'},"
SAFE VS. RISKY CHOICE GAME

You must choose between two options:
1. Safe Option: Guaranteed 50 tokens.
2. Risky Option: 50% chance of 10 tokens, 50% chance of 0 tokens.

Which option do you choose?

    
Safe Option
    
Risky Option
    

Only 1 option may be selected.

Respond only with a string corresponding to one of the options.


After the answer, you can put a comment explaining why you chose that option on the next line.","Safe Option
# I chose the Safe Option because it guarantees a certain amount of tokens, whereas the Risky Option has a 50% chance of resulting in no tokens, making the Safe Option a more reliable choice."
safe_risky:baseline:10:4,safe_risky,baseline,safe_risky_choice,safe_risky_baseline_10.csv,4,5,4,A5,10,Safe Option,"# I chose the Safe Option because it guarantees a certain amount of tokens, whereas the Risky Option has a 50% chance of resulting in no tokens, making the Safe Option a more reliable choice.",Your traits: {'subject_id': 'A5'},"
SAFE VS. RISKY CHOICE GAME

You must choose between two options:
1. Safe Option: Guaranteed 50 tokens.
2. Risky Option: 50% chance of 10 tokens, 50% chance of 0 tokens.

Which option do you choose?

    
Safe Option
    
Risky Option
    

Only 1 option may be selected.

Respond only with a string corresponding to one of the options.


After the answer, you can put a comment explaining why you chose that option on the next line.","Safe Option
# I chose the Safe Option because it guarantees a certain amount of tokens, whereas the Risky Option has a 50% chance of resulting in no tokens, making the Safe Option a more reliable choice."
safe_risky:baseline:10:5,safe_risky,baseline,safe_risky_choice,safe_risky_baseline_10.csv,5,6,5,A6,10,Safe Option,"I chose this option because it provides a guaranteed reward, whereas the Risky Option has a 50% chance of resulting in no tokens, making the Safe Option a more reliable choice.",Your traits: {'subject_id': 'A6'},"
SAFE VS. RISKY CHOICE GAME

You must choose between two options:
1. Safe Option: Guaranteed 50 tokens.
2. Risky Option: 50% chance of 10 tokens, 50% chance of 0 tokens.

Which option do you choose?

    
Safe Option
    
Risky Option
    

Only 1 option may be selected.

Respond only with a string corresponding to one of the options.


After the answer, you can put a comment explaining why you chose that option on the next line.","Safe Option
I chose this option because it provides a guaranteed reward, whereas the Risky Option has a 50% chance of resulting in no tokens, making the Safe Option a more reliable choice."
safe_risky:baseline:10:6,safe_risky,baseline,safe_risky_choice,safe_risky_baseline_10.csv,6,7,6,A7,10,Safe Option,"I chose this option because it provides a guaranteed outcome, whereas the Risky Option has a 50% chance of resulting in no tokens, which could be considered a loss. The expected value of the Risky Option is 5 tokens (0.5 * 10 + 0.5 * 0), which is less than the guaranteed 50 tokens from the Safe Option.",Your traits: {'subject_id': 'A7'},"
SAFE VS. RISKY CHOICE GAME

You must choose between two options:
1. Safe Option: Guaranteed 50 tokens.
2. Risky Option: 50% chance of 10 tokens, 50% chance of 0 tokens.

Which option do you choose?

    
Safe Option
    
Risky Option
    

Only 1 option may be selected.

Respond only with a string corresponding to one of the options.


After the answer, you can put a comment explaining why you chose that option on the next line.","Safe Option
I chose this option because it provides a guaranteed outcome, whereas the Risky Option has a 50% chance of resulting in no tokens, which could be considered a loss. The expected value of the Risky Option is 5 tokens (0.5 * 10 + 0.5 * 0), which is less than the guaranteed 50 tokens from the Safe Option."
safe_risky:baseline:10:7,safe_risky,baseline,safe_risky_choice,safe_risky_baseline_10.csv,7,8,7,A8,10,Safe Option,"I chose this option because it provides a guaranteed outcome, whereas the Risky Option has a 50% chance of resulting in 0 tokens, which is an undesirable outcome. The expected value of the Risky Option is 5 tokens (0.5 * 10 + 0.5 * 0), which is less than the guaranteed 50 tokens from the Safe Option.",Your traits: {'subject_id': 'A8'},"
SAFE VS. RISKY CHOICE GAME

You must choose between two options:
1. Safe Option: Guaranteed 50 tokens.
2. Risky Option: 50% chance of 10 tokens, 50% chance of 0 tokens.

Which option do you choose?

    
Safe Option
    
Risky Option
    

Only 1 option may be selected.

Respond only with a string corresponding to one of the options.


After the answer, you can put a comment explaining why you chose that option on the next line.","Safe Option
I chose this option because it provides a guaranteed outcome, whereas the Risky Option has a 50% chance of resulting in 0 tokens, which is an undesirable outcome. The expected value of the Risky Option is 5 tokens (0.5 * 10 + 0.5 * 0), which is less than the guaranteed 50 tokens from the Safe Option."
